9.89090983519861e-11,2017-08-15,1.10 02.2來 本處 參加 : 聚焦 東協新 藍海 - 美妝品 與 食品 市場 商機 研討會 張總經理 表示 對該 研討會 非常 滿意 。 同時 也 增加 對 市場 的 瞭解 。 後續 希望 本處 能 繼續 提供 各國 市場 商機 說 明會 、 新興市場 客製化 行銷 專案 、 台灣經貿網 企業 網頁 會員 、 台灣精品 選拔 、 經貿 透視雙 周刊 、 全球 布局 海外 投資 設點 、 延攬 海外 人才 、 資料館 電子 資料 、 國內外 展覽 、 海外 拓銷 團及 培訓 課程 給張 總經理 參考 。
0.0024078282561772906,2017-08-15,1.10 02.2來 本處 參加 : 聚焦 東協新 藍海 - 美妝品 與 食品 市場 商機 研討會 朱 小姐 表示 對該 研討會 非常 滿意 。 同時 也 增加 對 市場 的 瞭解 。
2.53950636393698e-08,2017-08-15,1.10 02.2來 本處 參加 : 聚焦 東協新 藍海 - 美妝品 與 食品 市場 商機 研討會 張經理 表示 對該 研討會 非常 滿意 。 同時 也 增加 對 市場 的 瞭解 。 後續 希望 本處 能 繼續 提供 國內襪 展覽 、 台灣精品 選拔 及 培訓 課程給 張經理 參考 。
6.044444899288023e-08,2017-08-15,1.10 02.2來 本處 參加 : 聚焦 東協新 藍海 - 美妝品 與 食品 市場 商機 研討會 蘇 小姐 表示 對該 研討會 非常 滿意 。 同時 也 增加 對 市場 的 瞭解 。 後續 希望 本處 能 繼續 提供 各國 市場 商機 說 明會 、 新興市場 客製化 行銷 專案 、 台灣經貿網 企業 網頁 會員 、 台灣精品 選拔 、 全球 布局 海外 投資 設點 、 國內外 展覽 、 海外 拓銷 團及 培訓 課程 給蘇 小姐 參考 。
8.026094187257635e-07,2017-08-15,1.10 02.2來 本處 參加 : 聚焦 東協新 藍海 - 美妝品 與 食品 市場 商機 研討會 張 小姐 表示 對該 研討會 非常 滿意 。 同時 也 增加 對 市場 的 瞭解 。 後續 希望 本處 能 繼續 提供 資料館 電子資 料及 培訓 課程 給張 小姐 參考 。
3.611742384265949e-08,2017-08-15,1.10 02.2來 本處 參加 : 聚焦 東協新 藍海 - 美妝品 與 食品 市場 商機 研討會 黃 小姐 表示 對該 研討會 非常 滿意 。 同時 也 增加 對 市場 的 瞭解 。 後續 希望 本處 能 繼續 提供 各國 市場 商機 說 明會 、 新興市場 客製化 行銷 專案 、 資料館 電子 資料 、 培訓 課程 及國 內外 展覽 給黃 小姐 參考 。
3.4386175427060977e-10,2017-08-15,1.10 02.2來 本處 參加 : 聚焦 東協新 藍海 - 美妝品 與 食品 市場 商機 研討會 黃 先生 表示 對該 研討會 非常 滿意 。 同時 也 增加 對 市場 的 瞭解 。 後續 希望 本處 能 繼續 提供 各國 市場 商機 說 明會 、 新興市場 客製化 行銷 專案 、 全球 布局 海外 投資 設點 、 延攬 海外 人才 、 國內外 展覽 及 各國 市場 商機 說 明會給 黃 先生 參考 。
0.0008668181722238242,2017-08-15,1.10 02.2來 本處 參加 : 聚焦 東協新 藍海 - 美妝品 與 食品 市場 商機 研討會 吳協理 表示 對該 研討會 非常 滿意 。 同時 也 增加 對 市場 的 瞭解 。
0.0011557575629650998,2017-08-15,1.10 02.2來 本處 參加 : 聚焦 東協新 藍海 - 美妝品 與 食品 市場 商機 研討會 吳 先生 表示 對該 研討會 非常 滿意 。 同時 也 增加 對 市場 的 瞭解 。
7.705050419767326e-07,2017-08-15,1.10 02.2來 本處 參加 : 聚焦 東協新 藍海 - 美妝品 與 食品 市場 商機 研討會 楊 小姐 表示 對該 研討會 非常 滿意 。 同時 也 增加 對 市場 的 瞭解 。 後續 希望 本處 能 繼續 提供 各國 市場 商機 說 明會 、 新興市場 客製化 行銷 專案 、 經貿 透視雙 周刊 及 資料館 電子 資料給 楊 小姐 參考 。
1.9946668167650476e-09,2017-08-15,1.10 02.2來 本處 參加 : 聚焦 東協新 藍海 - 美妝品 與 食品 市場 商機 研討會 林小姐 表示 對該 研討會 非常 滿意 。 同時 也 增加 對 市場 的 瞭解 。 後續 希望 本處 能 繼續 提供 各國 市場 商機 說 明會 、 資料館 電子 資料 、 全球 布局 海外 投資 設點 、 國內外 展覽 和 培訓 課程給 林小姐 參考 。
7.092148681831286e-08,2017-08-15,1.10 02.2來 本處 參加 : 聚焦 東協新 藍海 - 美妝品 與 食品 市場 商機 研討會 林經理 表示 對該 研討會 非常 滿意 。 同時 也 增加 對 東協 市場 的 瞭解 。 後續 希望 本處 能 繼續 提供 各國 市場 商機 說 明會 、 經貿 透視雙 周刊 及 台灣經貿網 企業 網頁 會員 給林 經理 參考 。
1.3432099776195668e-10,2017-08-15,1.10 02.2來 本處 參加 : 聚焦 東協新 藍海 - 美妝品 與 食品 市場 商機 研討會 郭小姐 表示 對該 研討會 非常 滿意 。 同時 也 了解 東協 市場 通路 及 需求 品項 。 後續 希望 本處 能 繼續 提供 各國 市場 商機 說 明會 、 國內外 展覽 、 海外 拓展 團及 培訓 課程給 郭小姐 參考 。
4.263323204826996e-12,2017-08-15,聚焦 東協新 藍海 - 美妝品 與 食品 市場 商機 研討會 1.10 02.2來 本處 參加 : 聚焦 東協新 藍海 - 美妝品 與 食品 市場 商機 研討會 蔡先生 表示 對該 研討會 非常 滿意 。 同時 也 初步 了解 東協 市場 極其 趨勢 。 後續 希望 本處 能 繼續 提供 各國 市場 商機 說 明會 、 新興市場 客製化 行銷 專案 、 台灣經貿網 企業 網頁 會員 、 台灣精品 選拔 、 全球 布局 海外 投資 設點 、 國內外 展覽 、 海外 拓銷 團及 培訓 課程給 蔡先生 參考 。
0.08333333333333333,2017-12-14,106.1 0來 本處 上課 : 巴西 日本 越南 市場 商機 說 明會 張 小姐 表示 此次 課題 與 上課 內容 相符 。
0.08333333333333333,2017-12-14,106.1 0來 本處 上課 : 巴西 日本 越南 市場 商機 說 明會 胡小姐 表示 此次 課題 與 上課 內容 相符 。
0.08333333333333333,2017-12-14,106.1 0來 本處 上課 : 巴西 日本 越南 市場 商機 說 明會 蘇 先生 表示 此次 課題 與 上課 內容 相符 。
5.213234236914653e-10,2017-10-03,106.0 0 前來 本處 上課 : 參展 行銷 林小姐 表示 此次 課題 與 上課 內容 相符 。 未來 希望 參加 國際 貿易 、 業務 技巧 、 電子 商務 、 財務 金融 、 行銷 實務 、 品牌 建立 與 管理 經營 、 參展 實務 以及 商業 談判 等 課程 。 後續 希望 本處 能 繼續 提供 新興市場 客製化 行銷 專案 、 台灣精品 選拔 、 全球 佈局 海外 投資 設點 、 延攬 海外 人才 、 國內外 展覽 、 海外 拓銷團 、 各國 市場 商機 說明 以及 培訓 課程給 林小姐 參考 。
3.649263965840251e-09,2017-10-03,106.0 0來 本處 上課 : 參展 行銷 施 先生 表示 此次 課題 與 上課 內容 相符 。 未來 希望 參加 國際 貿易 、 品牌 建立 與 管理 經營 、 參展 實務 以及 商業 談判 等 課程 。 後續 希望 本處 能 繼續 提供 新興市場 客製化 行銷 專案 、 延攬 海外 人才 、 國內外 展覽 、 海外 拓銷團 、 各國 市場 商機 說明 以及 培訓 課程 給施 先生 參考 。
1.4597055863360954e-08,2017-10-03,106.0 0 前來 本處 上課 : 參展 行銷 。 戴 小姐 表示 此次 課題 與 上課 內容 相符 。 未來 希望 參加 參展 實務 以及 商業 談判 等 課程 。 後續 希望 本處 能 繼續 提供 新興市場 客製化 行銷 專案 、 台灣精品 選拔 、 全球 佈局 海外 投資 設點 、 延攬 海外 人才 、 國內外 展覽 、 海外 拓銷團 、 各國 市場 商機 說明 以及 培訓 課程給 戴 小姐 參考 。
0.009259259259259257,2017-11-01,藍 先生 表示 對此 課程 相當 滿意 希望 參加 國際 貿易 商務稅法 電子 商務 課程 希望 提供 培訓 課程 海外 拓銷團 等 資訊
0.009259259259259257,2017-11-01,邱先生 \ 表示 對此 課程 相當 滿意 希望 參加 國際 貿易 商務稅法 電子 商務 課程 希望 提供 培訓 課程 海外 拓銷團 等 資訊
0.009259259259259257,2017-11-01,張 先生 表示 對此 課程 相當 滿意 希望 參加 國際 貿易 商務稅法 電子 商務 課程 希望 提供 培訓 課程 海外 拓銷團 等 資訊
0.009259259259259257,2017-11-01,洪 先生 表示 對此 課程 相當 滿意 希望 參加 國際 貿易 商務稅法 電子 商務 課程 希望 提供 培訓 課程 海外 拓銷團 等 資訊
0.009259259259259257,2017-11-01,李先生 表示 對此 課程 相當 滿意 希望 參加 國際 貿易 商務稅法 電子 商務 課程 希望 提供 培訓 課程 海外 拓銷團 等 資訊
0.009259259259259257,2017-11-01,吳 小姐 表示 對此 課程 相當 滿意 希望 參加 國際 貿易 商務稅法 電子 商務 課程 希望 提供 培訓 課程 海外 拓銷團 等 資訊
0.009259259259259257,2017-11-01,謝 小姐 表示 對此 課程 相當 滿意 希望 參加 國際 貿易 商務稅法 電子 商務 課程 希望 提供 培訓 課程 海外 拓銷團 等 資訊
2.1147469155830543e-07,2017-08-21,106.0 1 05.2本處 上課 : 實用 越南 語基礎 。 趙 先生 表示 對該 課程 非常 滿意 。 同時 表示 此次 課題 與 上課 內容 相符 。 未來 希望 參加 國際 貿易 及 商務 等 課程 。
4.183441709900184e-16,2017-08-21,106.0 1 05.2本處 上課 : 實用 越南 語基礎 。 蘇 管理 師 表示 對該 課程 非常 滿意 。 同時 表示 此次 課題 與 上課 內容 相符 。 未來 希望 參加 業務 技巧 、 行銷 實務 、 品牌 建立 與 管理 經營 、 商業 談判 及 商務 等 課程 。 後續 希望 本處 能 繼續 提供 培訓 課程 給蘇 管理 師參考 。
4.2652328313462277e-10,2017-08-21,106.0 1 05.2本處 上課 : 實用 越南 語基礎 。 李專員 表示 對該 課程 感到 滿意 。 同時 表示 此次 課題 與 上課 內容 相符 。 未來 希望 參加 國際 貿易 及 商業 談判 等 課程 。 後續 希望 本處 能 繼續 提供 台灣精品 選拔給 李 專員 參考 。
1.1220113987363312e-15,2017-08-21,106.0 1 05.2本處 上課 : 實用 越南 語基礎 。 李小姐 表示 對該 課程 感到 滿意 。 同時 表示 此次 課題 與 上課 內容 相符 。 未來 希望 參加 國際 貿易 、 業務 技巧 、 行銷 實務 、 品牌 建立 與 管理 經營 、 商業 談判 及 商務 等 課程 。 後續 希望 本處 能 繼續 提供 告國 市場 商機 說 明會 及 培訓 課程給 李小姐 參考 。
6.502530609769927e-09,2017-08-21,106.0 1 05.2本處 上課 : 實用 越南 語基礎 。 葉 小姐 表示 對該 課程 感到 滿意 。 同時 表示 此次 課題 與 上課 內容 相符 。 未來 希望 參加 商務 英語 、 越南 語及 俄羅斯語 等 課程 。
3.5140360843852764e-09,2017-08-21,106.0 1 05.2本處 上課 : 實用 越南 語基礎 。 張副理 表示 對該 課程 非常 滿意 。 同時 表示 此次 課題 與 上課 內容 相符 。 未來 希望 參加 商務 等 課程 。 後續 希望 本處 能 繼續 提供 台灣經貿網 企業 網頁 會員 給張 副理 參考 。
7.867362037139355e-09,2017-08-21,106.0 1 05.2本處 上課 : 實用 越南 語基礎 。 張技術員 表示 對該 課程 非常 滿意 。 同時 表示 此次 課題 與 上課 內容 相符 ， 也 認為 老師 人 好 以及 風趣 。 未來 希望 參加 商務 等 課程 。
1.8839468479739815e-10,2017-08-21,106.0 1 05.2本處 上課 : 實用 越南 語基礎 。 張 副 總 表示 對該 課程 非常 滿意 。 同時 表示 此次 課題 與 上課 內容 相符 ， 也 學習 到 初級 越南 語 。 未來 希望 參加 參展 實務 等 課程 。
8.206318678195239e-10,2017-08-21,106.0 1 03.2本處 上課 : 實用 越南 語基礎 。 蔣 先生 表示 對該 課程 感到 滿意 。 同時 表示 此次 課題 與 上課 內容 相符 ， 也 可以 事半功倍 的 熟悉 越南 工作 。 未來 希望 參加 商務 等 課程 。
1.1050190075984228e-05,2017-08-21,106.0 1 03.2本處 上課 : 實用 越南 語基礎 。 陳 經理 表示 對該 課程 感到 滿意 。 同時 表示 此次 課題 與 上課 內容 相符 。
1.135261477220686e-12,2017-08-21,106.0 1 03.2本處 上課 : 實用 越南 語基礎 。 鍾 管理 師 表示 對該 課程 非常 滿意 。 同時 表示 此次 課題 與 上課 內容 相符 ， 也 增加 職場 競爭力 和 了解 越南 。 未來 希望 參加 商務 越南 語 等 課程 。
1.1179363692001226e-06,2017-08-21,106.0 1 03.2本處 上課 : 實用 越南 語基礎 。 許 工程 師 表示 此次 課題 與 上課 內容 相符 。 未來 希望 參加 商務談 判及 商務 等 課程 。
2.499870052472756e-17,2017-08-21,106.0 1 03.2本處 上課 : 實用 越南 語基礎 。 鐘 小姐 表示 對該 課程 非常 滿意 。 同時 表示 此次 課題 與 上課 內容 相符 ， 也 學到 許多 越南 用語 及 文化 。 未來 希望 參加 國際 貿易 、 商務談 判及 商務 西班牙 語 、 越南 語及 阿拉伯文 等 課程 。 後續 希望 本處 能 繼續 提供 培訓 課程 給鐘 小姐 參考 。
3.812204746038057e-13,2017-08-21,106.0 1 05.2本處 上課 : 國貿 特訓班 進 出口 通關 實務 與 國際 運輸 規劃 技巧 。 王先生 表示 對該 課程 感到 滿意 。 同時 表示 此次 課題 與 上課 內容 相符 。 未來 希望 參加 國際 貿易 等 課程 。 後續 希望 本處 能 繼續 提供 海外 拓銷 團給 王先生 參考 。
3.8179023346530844e-13,2017-08-21,106.0 1 05.2本處 上課 : 國貿 特訓班 進 出口 通關 實務 與 國際 運輸 規劃 技巧 。 吳 小姐 表示 對該 課程 非常 滿意 。 同時 表示 此次 課題 與 上課 內容 相符 。 未來 希望 參加 國際 貿易 、 商務稅 法及 進 出口 報關 等 課程 。 後續 希望 本處 能 繼續 提供 台灣經貿網 企業 網頁 會員 給吳 小姐 參考 。
1.322146516783176e-10,2017-08-21,106.0 1 05.2本處 上課 : 國貿 特訓班 進 出口 通關 實務 與 國際 運輸 規劃 技巧 。 黃 先生 表示 對該 課程 非常 滿意 。 同時 表示 此次 課題 與 上課 內容 相符 。 未來 希望 參加 品牌 建立 與 管理 經營 及 參展 實務 等 課程 。
3.5322333268116428e-12,2017-08-21,106.0 1 05.2本處 上課 : 國貿 特訓班 進 出口 通關 實務 與 國際 運輸 規劃 技巧 。 張 小姐 表示 此次 課題 與 上課 內容 相符 。 未來 希望 參加 業務 技巧 、 電子 商務 、 商務稅法 、 品牌 建立 與 管理 經營 及 商務 談判 等 課程 。
3.96775120363996e-14,2017-08-21,106.0 1 05.2本處 上課 : 國貿 特訓班 進 出口 通關 實務 與 國際 運輸 規劃 技巧 。 王小姐 表示 對該 課程 非常 滿意 。 同時 表示 此次 課題 與 上課 內容 相符 ， 也 對 國際 實務 的 各 產業 有 更 深入 及 完整 的 瞭解 。 未來 希望 參加 進 出口 報關 等 課程 。
6.598046675835133e-15,2017-08-21,106.0 1 05.2本處 上課 : 國貿 特訓班 進 出口 通關 實務 與 國際 運輸 規劃 技巧 。 梁小姐 表示 對該 課程 感到 滿意 。 同時 表示 此次 課題 與 上課 內容 相符 也 對 實務作業 更加 清晰 。 未來 希望 參加 國際 貿易 、 商務稅 法及 商務 等 課程 。 後續 希望 本處 能 繼續 提供 培訓 課程給 梁小姐 參考 。
2.701579861723711e-17,2017-08-21,106.0 2來 本處 上課 : 採購 價格 與 成本 分析 效益 實務 。 洪 小姐 表示 對該 課程 感到 滿意 。 同時 表示 此次 課題 與 上課 內容 相符 。 未來 希望 參加 國際 貿易 、 品牌 建立 與 管理 經營 及進 出口 報關 等 課程 。 後續 希望 本處 能 繼續 提供 國內外 展覽 、 各國 商機 說 明會 及 培訓 課程 給洪 小姐 參考 。
5.305834121270003e-15,2017-08-21,106.0 2來 本處 上課 : 採購 價格 與 成本 分析 效益 實務 。 蘇經理 表示 對該 課程 非常 滿意 。 同時 表示 此次 課題 與 上課 內容 相符 。 未來 希望 參加 國際 貿易 、 業務 技巧 及 商業 談判 等 課程 。 後續 希望 本處 能 繼續 提供 台灣精品 選拔 、 資料館 電子 資料 、 海外 拓銷 團及 培訓 課程給 蘇經理 參考 。
1.8676536106870157e-12,2017-08-21,106.0 2來 本處 上課 : 採購 價格 與 成本 分析 效益 實務 。 林小姐 表示 對該 課程 非常 滿意 。 同時 表示 此次 課題 與 上課 內容 相符 。 未來 希望 參加 財務 金融 等 課程 。 後續 希望 本處 能 繼續 提供 培訓 課程給 林小姐 參考 。
1.0674333715257295e-10,2017-08-21,106.0 2來 本處 上課 : 採購 價格 與 成本 分析 效益 實務 。 張 先生 表示 對該 課程 非常 滿意 。 同時 表示 此次 課題 與 上課 內容 相符 。 上課 內容 使 張 先生 了解 成本 分析 。
1.3680818224039886e-21,2017-08-21,106.0 2來 本處 上課 : 採購 價格 與 成本 分析 效益 實務 。 陳 先生 表示 此次 課題 與 上課 內容 相符 ， 並 希望 講師 可以 讓 學員 互相 認識 。 同時 ， 此 課程 使 他 了解 成本 分析 。 未來 希望 參加 國際 貿易 、 商務稅法 、 商業 談判 及 商務 等 課程 。 後續 希望 本處 能 繼續 提供 各國 市場 商機 說 明會給 陳 先生 參考 。
1.8151039321834576e-07,2017-08-21,106.0 1來 本處 上課 : 發展 品牌 門市 通路 與 品牌 再造 應用 實務 解析 。 繆 先生 表示 對該 課程 非常 滿意 。 同時 表示 此次 課題 與 上課 內容 相符 。 。
8.643352058016463e-08,2017-08-21,106.0 1來 本處 上課 : 發展 品牌 門市 通路 與 品牌 再造 應用 實務 解析 。 黃 經理 表示 對該 課程 非常 滿意 。 同時 表示 此次 課題 與 上課 內容 相符 。
5.621371244826417e-11,2017-08-21,106.0 1來 本處 上課 : 發展 品牌 門市 通路 與 品牌 再造 應用 實務 解析 。 姜小姐 表示 對該 課程 非常 滿意 。 同時 表示 此次 課題 與 上課 內容 相符 。 未來 希望 參加 業務 技巧 及行銷 實務 等 課程 。
9.787208863760257e-11,2017-08-21,106.0 1來 本處 上課 : 發展 品牌 門市 通路 與 品牌 再造 應用 實務 解析 。 錢 小姐 表示 對該 課程 非常 滿意 。 同時 表示 此次 課題 與 上課 內容 相符 。 未來 希望 參加 行銷 實務及 參展 實務 等 課程 。
1.1007560293178221e-23,2017-08-21,106.0 1來 本處 上課 : 發展 品牌 門市 通路 與 品牌 再造 應用 實務 解析 。 劉 小姐 表示 對該 課程 感到 滿意 。 同時 表示 此次 課題 與 上課 內容 相符 。 此 課程 使 她 對 通路 及 品牌 更加 的 瞭解 但 仍 需要 加強 講義的 印 製 缺 太 多 ， 上課 還需 抄 寫 。 未來 希望 參加 業務 技巧 以及 行銷 實務 等 課程 。 後續 希望 本處 能 繼續 提供 培訓 課程 給劉 小姐 參考 。
6.978123184672357e-14,2017-08-21,106.0 1來 本處 上課 : 發展 品牌 門市 通路 與 品牌 再造 應用 實務 解析 。 林小姐 表示 對該 課程 使 她 加強 實務 觀念 。 同時 表示 此次 課題 與 上課 內容 相符 。 未來 希望 參加 品牌 建立 與 管理 經營 等 課程 。
4.614960290890223e-12,2017-08-21,106.0 0來 本處 上課 : 國貿 專家 沒教 的 貿易 英文 契約 要點 與 解析 。 楊 小姐 表示 對該 課程 感到 滿意 。 同時 表示 此次 課題 與 上課 內容 相符 。 未來 希望 參加 國際 貿易 、 商務稅 法及 商業 談判 等 課程 。 後續 希望 本處 能 繼續 提供 國內外 展覽 及 培訓 課程給 楊 小姐 參考 。
3.822272993866729e-14,2017-08-21,106.0 0來 本處 上課 : 國貿 專家 沒教 的 貿易 英文 契約 要點 與 解析 。 蘇 小姐 表示 對該 課程 感到 滿意 。 同時 表示 此次 課題 與 上課 內容 相符 。 未來 希望 參加 國際 貿易 、 財務 金融 、 商務稅法 、 進 出口 報關 及 商務 等 課程 。 後續 希望 本處 能 繼續 提供 培訓 課程 給蘇 小姐 參考 。
4.300057118100041e-14,2017-08-21,106.0 0來 本處 上課 : 國貿 專家 沒教 的 貿易 英文 契約 要點 與 解析 。 簡 小姐 表示 對該 課程 感到 滿意 。 同時 表示 此次 課題 與 上課 內容 相符 。 未來 希望 參加 國際 貿易 、 進 出口 報關 及 商務 等 課程 。 後續 希望 本處 能 繼續 提供 台灣經貿網 企業 網頁 會員 培訓 課程 給施 經理 參考 。
3.0886042214728555e-15,2017-08-21,106.0 0來 本處 上課 : 國貿 專家 沒教 的 貿易 英文 契約 要點 與 解析 。 吳 先生 表示 此次 課題 與 上課 內容 相符 。 未來 希望 參加 商務稅法 、 進 出口 報關 及 商務 報關 等 課程 。 後續 希望 本處 能 繼續 提供 新興市場 客製化 行銷 專案 及 各國 商機 說 明會 給吳 先生 參考 。
4.766287983030076e-10,2017-08-21,106.0 0來 本處 上課 : 國貿 專家 沒教 的 貿易 英文 契約 要點 與 解析 。 林小姐 表示 對該 課程 感到 滿意 。 同時 表示 此次 課題 與 上課 內容 相符 。 後續 希望 本處 能 繼續 提供 台灣經貿網 企業 網頁 會員 給 林小姐 參考 。
2.496158658522681e-09,2017-08-21,106.0 0來 本處 上課 : 國貿 專家 沒教 的 貿易 英文 契約 要點 與 解析 。 白小姐 表示 對該 課程 非常 滿意 。 同時 表示 此次 課題 與 上課 內容 相符 。 未來 希望 參加 國際 貿易 、 商業 談判 以及 商務 等 課程 。
1.2087778382631775e-22,2017-08-21,106.0 0來 本處 上課 : 國貿 專家 沒教 的 貿易 英文 契約 要點 與 解析 。 梁先生 表示 對該 課程 感到 滿意 。 同時 表示 此次 課題 與 上課 內容 相符 。 未來 希望 參加 國際 貿易 、 業務 技巧 、 電子 商務 、 財務 金融 、 行銷 實務 、 商務稅法 、 品牌 建立 與 經營 經營 、 參展 實務 、 進 出口 報關 、 商業 談判 以及 商務 等 課程 。 後續 希望 本處 能 繼續 提供 培訓 課程給 梁先生 參考 。
5.424381060659661e-10,2017-08-21,106.0 0來 本處 上課 : 國貿 專家 沒教 的 貿易 英文 契約 要點 與 解析 。 王先生 表示 對該 課程 感到 滿意 。 同時 表示 此次 課題 與 上課 內容 偏易 。 未來 希望 參加 商務 談判 等 課程 。
7.937355935132212e-13,2017-08-21,106.0 0來 本處 上課 : 國貿 專家 沒教 的 貿易 英文 契約 要點 與 解析 。 薛 小姐 表示 對該 課程 感到 滿意 。 同時 表示 此次 課題 與 上課 內容 相符 。 未來 希望 參加 國際 貿易 、 業務 技巧 、 行銷 實務 、 商務稅法 、 品牌 建立 與 管理 經營 、 進 出口 報關 及 商務 談判 等 課程 。
1.3877176847880405e-18,2017-08-21,106.0 0 04.2來 本處 上課 : 聽 故事 輕 鬆 學 泰文 ─ 基礎 泰語 。 邱 小姐 表示 此次 課題 與 上課 內容 相符 。 有興趣 參加 泰語 課程 。 未來 希望 參加 國際 貿易 、 業務 技巧 、 電子 商務 、 行銷 實務及 進 出口 報關 等 課程 。 後續 希望 本處 能 繼續 提供 培訓 課程給 邱 小姐 參考 。
7.885980605764981e-15,2017-08-21,106.0 0 04.2來 本處 上課 : 聽 故事 輕 鬆 學 泰文 ─ 基礎 泰語 。 鍾 總經理 表示 對該 課程 非常 滿意 。 同時 表示 此次 課題 與 上課 內容 相符 以及 強化 他 的 語言 能力 。 未來 希望 參加 國際 貿易 、 商務談 判及 商務 等 課程 。 後續 希望 本處 能 繼續 提供 經貿 透視雙 周刊 、 海外 拓銷 團及 各國 市場 商機 說 明會給 鍾 總經理 參考 。
9.062903950807105e-17,2017-08-21,106.0 0 04.2來 本處 上課 : 聽 故事 輕 鬆 學 泰文 ─ 基礎 泰語 。 侯經理 表示 對該 課程 非常 滿意 。 同時 表示 此次 課題 與 上課 內容 相符 。 同時 也 認為 老師 的 教學 內容 非常 實用 ， 教學 方式 很 好 。 未來 希望 參加 品牌 建立 與 管理 經營 及 商務 等 課程 。 。
2.9872856259225836e-13,2017-08-21,106.0 0 04.2來 本處 上課 : 聽 故事 輕 鬆 學 泰文 ─ 基礎 泰語 。 陳 小姐 表示 對該 課程 非常 滿意 。 同時 表示 此次 課題 與 上課 內容 相符 ， 師資 也 非常 的 好 。 本 課程 讓 陳 小姐 更加 瞭解 泰國 ， 但 需要 加強 本身 學習 進度 。
2.468244290582265e-15,2017-08-29,106.0 2來 本處 上課 : 貿易 英語 談判 技巧 。 林小姐 表示 對該 課程 非常 滿意 。 同時 表示 此次 課題 與 上課 內容 相符 。 未來 希望 參加 國際 貿易 、 商務稅法 、 商業 談判 及 商務 等 課程 。 後續 希望 本處 能 繼續 提供 新興市場 客製化 行銷 專案 、 台灣經貿網 企業 網頁 會員 、 台灣精品 選拔 、 經貿 透視雙 周刊 、 全球 佈局 海外 投資 設點 、 延攬 海外 人才 、 資料館 電子 資料 、 國內外 展覽 、 海外 拓銷團 、 各國 市場 商機 說 明會 及 培訓 課程給 林小姐 參考 。
0.0001969859929491149,2017-08-29,106.0 2來 本處 上課 : 貿易 英語 談判 技巧 。 徐專員 表示 對該 課程 感到 滿意 。 同時 表示 此次 課題 與 上課 內容 相符 。
2.0472605443805511e-10,2017-08-29,106.0 2來 本處 上課 : 貿易 英語 談判 技巧 。 楊 小姐 表示 對該 課程 非常 滿意 。 同時 表示 此次 課題 與 上課 內容 相符 。 未來 希望 參加 業務 技巧 、 商務談 判及 商務 西班牙 語 等 課程 。 後續 希望 本處 能 繼續 提供 培訓 課程給 楊 小姐 參考 。
1.4217087113753752e-11,2017-08-29,106.0 2來 本處 上課 : 貿易 英語 談判 技巧 。 倪經理 表示 對該 課程 非常 滿意 。 同時 表示 此次 課題 與 上課 內容 相符 。 未來 希望 參加 業務 技巧 等 課程 。 後續 希望 本處 能 繼續 提供 延攬 海外 人才 、 國內外 展覽 、 海外 拓銷 團及 培訓 課程給 倪經理 參考 。
7.898381729863238e-14,2017-08-29,106.0 2來 本處 上課 : 貿易 英語 談判 技巧 。 黃 先生 表示 對該 課程 非常 滿意 。 同時 表示 此次 課題 與 上課 內容 相符 。 未來 希望 參加 國際 貿易 、 電子 商務及 商務 談判 等 課程 。 後續 希望 本處 能 繼續 提供 全球 佈局 海外 投資 設點 、 延攬 海外 人才 及 海外 拓銷 團給 黃 先生 參考 。
1.5867284725171679e-12,2017-08-29,106.0 2來 本處 上課 : 貿易 英語 談判 技巧 。 林小姐 表示 對該 課程 非常 滿意 。 同時 表示 此次 課題 與 上課 內容 相符 。 未來 希望 參加 國際 貿易 、 行銷 實務 、 商務談 判及 商務 英語 、 西班牙 語 等 課程 。 後續 希望 本處 能 繼續 提供 國內外 展覽 、 海外 拓銷 團及 培訓 課程給 林小姐 參考 。
3.7606416835740177e-07,2017-08-29,106.0 2來 本處 上課 : 貿易 英語 談判 技巧 。 周 小姐 表示 對該 課程 感到 滿意 。 同時 表示 此次 課題 與 上課 內容 相符 。 未來 希望 參加 電子 商務及 商業 談判 等 課程 。
3.070890816570817e-09,2017-08-29,106.0 2來 本處 上課 : 貿易 英語 談判 技巧 。 趙 小姐 表示 對該 課程 感到 滿意 。 同時 表示 此次 課題 與 上課 內容 相符 。 未來 希望 參加 業務 技巧 等 課程 。 後續 希望 本處 能 繼續 提供 各國 商機 說 明會給 趙 小姐 參考 。
2.387709005443816e-06,2017-08-29,106.0 2來 本處 上課 : 貿易 英語 談判 技巧 。 吳 先生 表示 對該 課程 感到 滿意 。 同時 表示 此次 課題 與 上課 內容 相符 ， 也 希望 多 讓 小組 分享 交流 經驗 。
1.6597394944720993e-27,2017-08-29,106.0 2來 本處 上課 : 貿易 英語 談判 技巧 。 呂組長 表示 對該 課程 感到 滿意 。 同時 表示 此次 課題 與 上課 內容 相符 ， 也 希望 可以 增加 同學 實務 問題 提問 。 本 課程 提供 呂組長 吸取 不同 經驗 、 增加 英語 練習 機會 ， 但是 如果 有 夜間 課程 或 週末 課程會 更好 。 未來 希望 參加 國際 貿易 、 業務 技巧 、 財務 金融 、 行銷 實務 、 商務稅法 、 參展 實務 、 進 出口 報關 、 商業 談判 及 商務 英語 等 課程 。 後續 希望 本處 能 繼續 提供 新興市場 客製化 行銷 專案 、 台灣經貿網 企業 網頁 會員 、 經貿 透視雙 周刊 、 資料館 電子 資料 、 國內外 展覽 、 海外 拓銷團 、 各國 市場 商機 說 明會 及 培訓 課程給 呂組長 參考 。
1.1569895112104347e-15,2017-08-29,106.0 2來 本處 上課 : 貿易 英語 談判 技巧 。 林課 長 表示 此次 課題 與 上課 內容 相符 。 同時 ， 認為 講師 經驗 豐富 、 口條 清晰 ， 讓 人 容易 吸收 知識 ， 但是 希望 講師 可以 放慢 速度 。 未來 希望 參加 國際 貿易 等 課程 。 後續 希望 本處 能 繼續 提供 各國 商機 市場 說 明會 及 培訓 課程 給林 課長 參考 。
0.031250000000000014,2017-12-11,106.1 2 前來 本處 上課 : 法國 波蘭 市場 商機 王先生 表示 此次 課題 與 上課 內容 相符 。 
0.09374999999999999,2017-12-11,106.1 2 前來 本處 上課 : 法國 波蘭 市場 商機 陳 小姐 表示 此次 課題 與 上課 內容 相符 。 
0.09374999999999999,2017-12-11,106.1 2 前來 本處 上課 : 法國 波蘭 市場 商機 許 小姐 表示 此次 課題 與 上課 內容 相符 。
0.015625000000000007,2017-12-11,106.1 2 前來 本處 上課 : 法國 波蘭 市場 商機 林小姐 表示 此次 課題 與 上課 內容 相符
0.09374999999999999,2017-12-11,106.1 2 前來 本處 上課 : 法國 波蘭 市場 商機 黃 小姐 表示 此次 課題 與 上課 內容 相符 。
0.09374999999999999,2017-12-11,106.1 2 前來 本處 上課 : 法國 波蘭 市場 商機 張 小姐 表示 此次 課題 與 上課 內容 相符 。
0.015625000000000007,2017-12-11,106.1 2 前來 本處 上課 : 法國 波蘭 市場 商機 湘婷 小姐 表示 此次 課題 與 上課 內容 相符 。 
0.09374999999999999,2017-12-11,106.1 2 前來 本處 上課 : 法國 波蘭 市場 商機 吳 小姐 表示 此次 課題 與 上課 內容 相符 。
0.015625000000000007,2017-12-11,1.10 11.2來 本處 上課 : 法國 波蘭 市場 商機 胡先生 表示 此次 課題 與 上課 內容 相符 。
0.015625000000000007,2017-12-11,1.10 11.2來 本處 上課 : 法國 波蘭 市場 商機 張小 姊 表示 此次 課題 與 上課 內容 相符
0.031250000000000014,2017-12-11,1.10 11.2來 本處 上課 : 法國 波蘭 市場 商機 賴軒 如 許 先生 表示 此次 課題 與 上課 內容 相符 。
0.031250000000000014,2017-12-11,1.10 11.2來 本處 上課 : 法國 波蘭 市場 商機 王先生 表示 此次 課題 與 上課 內容 相符 。
0.031250000000000014,2017-12-11,1.10 11.2來 本處 上課 : 法國 波蘭 市場 商機 柯 先生 表示 此次 課題 與 上課 內容 相符 。
0.031250000000000014,2017-12-11,1.10 11.2來 本處 上課 : 法國 波蘭 市場 商機 賴軒 如 陳 先生 表示 此次 課題 與 上課 內容 相符
0.09374999999999999,2017-12-11,1.10 11.2來 本處 上課 : 法國 波蘭 市場 商機 謝 小姐 表示 此次 課題 與 上課 內容 相符 。
0.031250000000000014,2017-12-11,1.10 11.2來 本處 上課 : 法國 波蘭 市場 商機 陳 先生 表示 此次 課題 與 上課 內容 相符 。
9.489004833961254e-39,2017-02-22,10 1拜會 屏東縣 工業會 王 理事 長 吉璋並 參加 屏東 循環 經濟 產業 籌備 會議 ， 本處 出席人 員 包括 呂 主任 文瑞 、 熊高級 專員 正誼 、 劉專員智瑋 、 賴軒 如 小姐 。 王 理事 長 表示 ， 為 推廣 屏東 循環 經濟 產業 ， 正規劃 促成 屏東 周邊 食品 加工 廠商 結盟並 預計 於 今年 成立 新 公司 運作 ， 新 公司 名稱 尚待 決定 。 現場 並與 經濟部 工業局 內埔工業區 服務 中心 、 經濟部 南部 產業 發展 推動辦 公室 、 金屬 工業 研究 發展 中心 產業 升級 服務處 、 國立 屏東 科技 大學 創新 育成 中心 、 京冠 生物 科技股份 有限公司 等 列席 互動 。 該 新 公司 將 藉由 循環 經濟 模式 ， 利用 食品 加工 廢棄物 重新 再研 發 製 成 新產品 ， 並協助 整合 行銷 ， 及 創立 聯合 品牌 ， 並以 環保 、 無廢 、 再生 為 訴求 ， 創造 新 產業 型態 及 新 形象 。 該 新 公司 初期 將由京 冠生 技主導 與 規劃 BP Business Plan ， 包括 產品 組合 、 定位 、 價格 、 市場 等 。 待 新 公司 成立 後 ， 擬請 本會 協助 國際化 ， 並 提供 拓銷 建議 、 包裝 設計 改良 建議 等 。 本處 為 掌握 屏東 地區 循環 經濟 發展 現況 ， 從 與 公單位 、 公協會 、 業者 的 互動 中 了解 該 新 公司 團隊 自 10 成立 至今 之籌備 過程 ， 本處 現場 已 提供 新南向 資訊 包括 新南向 政策 服務 指南 手冊 、 201南向 拓銷 活動 手冊 ， 本處 俟 機協助 ， 進 一步 協助事 項擬 俟 該 新 公司 BP 規劃 完成 並開 會後陳報 。
2.952689838581835e-33,2017-02-22,10 1 參訪京 冠生 技並 聽取 簡報 ， 並 參加 屏東 循環 經濟 產業 籌備 會議 ， 本處 出席人 員有 呂 主任 文瑞 、 熊高級 專員 正誼 、 劉專員智瑋及 賴軒 如 小姐 。 京冠生技 成立 於 200 ， 年均 出口 額約 2 3 美元 ， 主要 產品 為 綠豆 、 黑豆 、 紅豆 各 項 醱 酵 產品 ， 應用 於 中藥 、 食品 、 飲料 、 動物 飼料 添加物 與 化妝 保養品 ， 已通過 ISO 900 2200 HACCP 認證 ， 並曾 榮獲 台灣 優良 產品 金牌 獎 、 國家生 技大獎 、 行政院 科管會 及 時代 基金 會 之 生醫生 農獎 銀獎 。 201 ， 該 公司 代表 台灣 農委會 參加 北美 生技展 、 越南 畜牧 暨 獸 醫展 Vietstock Expo & Forum ， 並 受邀 參加 法國 Terre 201業生 技論壇 ， 另 與 法商 OLMIX 、 國立 屏東 科技 大學 簽署 三方 MOU ， 與 元富 證券 簽訂 輔導顧 問契約 書 ， 規劃 未來 上櫃 相關 事宜 。 該 公司 預計 201 將達 到 營業額 台幣 萬 ， 外銷 額約 佔 65% ， 以東 南亞 市場 為主 。 京冠擬 規劃 與 屏東 周邊 食品 加工 廠商 京冠生技 、 中華 食品 、 如記 食品 、 新延香 、 鮪 軒 、 永大 食品 、 金利 食安 結盟並 預計 於 今年 成立 新 公司 運作 ， 新 公司 名稱 尚待 決定 。 該 新 公司 將 藉由 循環 經濟 模式 ， 利用 食品 加工 廢棄物 重新 再研 發 製 成 新產品 ， 並協助 整合 行銷 ， 及 創立 聯合 品牌 ， 並以 環保 、 無廢 、 再生 為 訴求 ， 創造 新 產業 型態 及 新 形象 ， 該 新 公司 初期 將由京 冠生技 楊 董事長 擔任 並規劃 BP Business Plan ， 包括 產品 組合 、 定位 、 價格 、 市場 等 。 另將 邀請 屏 科大 在 商品化 過程 中 ， 提供 該 公司 配方 建議 及 有效性 驗證 分析 。 該 新 公司 將 藉由 循環 經濟 模式 ， 利用 食品 加工 廢棄物 重新 再研 發 製 成 新產品 ， 例如 ： 魚副產物 魚骨 、 魚皮 、 魚泥 、 玉米 鬚 、 黃 豆渣 、 檸檬渣 、 茶渣 等 製 成 休 閒 食品 鮪 魚蛋 捲 、 清潔 用品 、 機能性 飲品 、 酵素 等 產品 。
2.2969682899889343e-10,2017-05-25,職 於 2去 電老 闆 林佳禾 先生 ， 邀請 該 公司 參加 於 2 之 201 澎湖 農漁 產品 國際 採購 洽談會 活動 ， 並 提供 買主名 單 、 採購品 項表及 活動報 名表 。 職並 表示 今年 採洽 會 舉辦 時間 與 去年 活動 不同 ， 分為 上 下午 場 ， 若 擔心 無法 同時 顧及 商店 營運 ， 本處將 可協助 安排 採洽 場次 集中 於 其中 之一 場 。 因該 公司 去年 採洽 會 中 ， 其 主力 產品 ： 干貝醬 深受 日本 、 香港 等 地區 買 主青睞 ， 並更進 一步 與 香港 City Super 交涉 往來 。 職 表示 今年 洽邀 之 買主 都 與 去年 不同 ， 力 邀渠 今年 再度 參加 上述 活動 ， 以利 拓展 外國 市場 。 渠 回覆 因 2 已 安排 出國 行程 ， 婉拒 邀請 。
3.692400157518195e-15,2017-05-24,該 公司 曾 於 本 10年 1 接受 國際行 銷諮詢 中心 、 食品 工業 研究所 南服 中心 諮 詢輔導 ， 且 主要 產品 為 仙人掌果 系列 產品 ， 亦 有 外銷 經驗 ， 為 澎湖 當 地 製 作 仙人掌果 產品 最具 代表性 之 公司 。 職 於 2去 電陳凱 正經理 ， 邀請 該 公司 參加 於 2 之 201 澎湖 農漁 產品 國際 採購 洽談會 活動 ， 並 提供 買主名 單 、 採購品 項表及 活動報 名表 。 職 表示 本次 採洽會 已洽 邀 之 1國外 買主 ， 其中 有 加拿大 、 阿拉伯 聯合 大公 國 、 上海 、 武漢 明確 提出 欲 採購 仙人掌果 產品 ， 因該 公司 為 製 作 該 產品 之指 標性 公司 ， 力 邀渠 參加 上述 活動 。 渠 回覆 經詢 該 公司 老 闆 ， 恰巧 2 另 有 出差 行程 ， 擔心 返回 時來 不及 前往 活動會場 而 婉拒 。 職 另 表示 今年 採洽 會 舉辦 時間 與 去年 活動 不同 ， 分為 上 下午 場 ， 若來 得 及 趕上 ， 本處將 可 再 協助 安排 與 買 主交換 名片 及 預約 現場 洽談 。
1.6439140880120144e-11,2017-08-10,106.0 1 前來 本處 參加 : 新南向 ing 系列 商機 研討會 - [ 印度 、 越南 、 新加坡 、 斯里蘭卡 、 不丹 及尼泊爾 市場 商機 ] 。 陳 小姐 表示 對該 研討會 非常 滿意 。 同時 也 增加 對 市場 的 瞭解 。 後續 希望 本處 能 繼續 提供 各國 市場 商機 說 明會給 陳 小姐 參考 。
4.0073643907890247e-07,2017-08-10,106.0 1來 本處 參加 ： 新南向 ing 系列 商機 研討會 ─ 印度 、 越南 、 新加坡 、 斯里蘭卡 、 不丹 及尼泊爾 市場 商機 。 後續 希望 本處 能 繼續 提供 全球 佈局 海外 投資 設點 、 各國 市場 商機 說 明會 及 培訓 課程給 黃 總監 參考 。
2.428705691387285e-08,2017-08-10,106.0 1來 本處 參加 ： 新南向 ing 系列 商機 研討會 ─ 印度 、 越南 、 新加坡 、 斯里蘭卡 、 不丹 及尼泊爾 市場 商機 。 後續 希望 本處 能 繼續 提供 台灣經貿網 企業 網頁 會員 、 經貿 透視雙 周刊 、 全球 佈局 海外 投資 設點 、 延攬 海外 人才 、 各國 市場 商機 說 明會 及 培訓 課程給 陳 財務長 參考 。
9.426847662141777e-05,2017-08-10,106.0 1來 本處 參加 ： 新南向 ing 系列 商機 研討會 ─ 印度 、 越南 、 新加坡 、 斯里蘭卡 、 不丹 及尼泊爾 市場 商機 。 王先生 表示 對該 研討會 感到 滿意 。
1.6568777911692696e-13,2017-08-10,106.0 1來 本處 參加 ： 新南向 ing 系列 商機 研討會 ─ 印度 、 越南 、 新加坡 、 斯里蘭卡 、 不丹 及尼泊爾 市場 商機 。 劉業助 表示 對 不同 的 市場 有 更 進 一步 的 瞭解 。 同時 希望 可以 介紹 潛 在 的 公司 。 後續 希望 本處 能 繼續 提供 全球 佈局 海外 投資 設點 、 國內外 展覽 、 各國 市場 商機 說 明會給 劉業助 參考 。
2.3567119155354437e-05,2017-08-10,106.0 1來 本處 參加 ： 新南向 ing 系列 商機 研討會 ─ 印度 、 越南 、 新加坡 、 斯里蘭卡 、 不丹 及尼泊爾 市場 商機 。 黃 課長 表示 對該 研討會 簡報 的 字 大小 不宜 ， 背景 太花 ， 內容 看不清楚 。
6.33755755122254e-11,2017-08-10,106.0 1來 本處 參加 ： 新南向 ing 系列 商機 研討會 ─ 印度 、 越南 、 新加坡 、 斯里蘭卡 、 不丹 及尼泊爾 市場 商機 。 廖 董事長 表示 希望 政府 可以 組團 至國 外商 業參訪 。 後續 希望 本處 能 繼續 提供 國內外 展覽 、 海外 拓銷團 、 各國 市場 商機 說 明會 及 培訓 課程給 廖 董事長 參考 。
2.137088314415618e-10,2017-08-10,106.0 1來 本處 參加 ： 新南向 ing 系列 商機 研討會 ─ 印度 、 越南 、 新加坡 、 斯里蘭卡 、 不丹 及尼泊爾 市場 商機 。 王經理 表示 對該 研討會 非常 滿意 。 同時 也 增加 對 市場 的 瞭解 。 後續 希望 本處 能 繼續 提供 各國 市場 商機 說 明會給 王經理 參考 。
5.099017732640746e-10,2017-08-10,106.0 1來 本處 參加 ： 新南向 ing 系列 商機 研討會 ─ 印度 、 越南 、 新加坡 、 斯里蘭卡 、 不丹 及尼泊爾 市場 商機 。 陳 業務 表示 對該 研討會 感到 滿意 。 同時 希望 增加 對 有意 合作 之國家 的 瞭解 。 後續 希望 本處 能 繼續 提供 各國 市場 商機 說 明會 及 培訓 課程 給陳業務 參考 。
4.556413925715515e-13,2017-08-10,106.0 1來 本處 參加 ： 新南向 ing 系列 商機 研討會 ─ 印度 、 越南 、 新加坡 、 斯里蘭卡 、 不丹 及尼泊爾 市場 商機 。 陳 專員 表示 對 市場 需求 有 初步 了解 。 同時 希望 可獲 得 更 深入 的 資料 。 後續 希望 本處 能 繼續 提供 新興市場 客製化 行銷 專案 、 資料館 電子資 料及 各國 市場 商機 說 明會給 陳 專員 參考 。
1.1045851941128523e-12,2017-08-10,106.0 1來 本處 參加 ： 新南向 ing 系列 商機 研討會 ─ 印度 、 越南 、 新加坡 、 斯里蘭卡 、 不丹 及尼泊爾 市場 商機 。 陳 副 總 表示 對 該 對 國外 市場 有 更深 一步 的 瞭解 。 同時 希望 有 專人 做 深入 輔導 。 後續 希望 本處 能 繼續 提供 台灣經貿網 企業 網頁 會員 、 台灣精品 選拔 、 國內外 展覽 、 海外 拓銷團 、 各國 市場 商機 說 明會 及 培訓 課程給 陳 副 總 參考 。
5.57313996161839e-18,2017-08-10,106.0 1來 本處 參加 ： 新南向 ing 系列 商機 研討會 ─ 印度 、 越南 、 新加坡 、 斯里蘭卡 、 不丹 及尼泊爾 市場 商機 。 陳 經理 表示 此次 研討會 時間 掌控 不佳 、 贅言過 多 。 希望 加強 可以 多 說明 地方 消費 習慣 、 可 利用 的 資源 、 市場 的 保障 與 進 出口 連結 提供 不具 體 。 後續 希望 本處 能 繼續 提供 新興市場 客製化 行銷 專案 、 台灣經貿網 企業 網頁 會員 、 台灣精品 選拔 、 經貿 透視雙 周刊 、 全球 佈局 海外 投資 設點 、 延攬 海外 人才 、 資料館 電子 資料 、 國內外 展覽 、 海外 拓銷團 、 各國 市場 商機 說 明會 及 培訓 課程給 陳 經理 參考 。
9.570548120183056e-20,2017-08-10,106.0 1來 本處 參加 ： 新南向 ing 系列 商機 研討會 ─ 印度 、 越南 、 新加坡 、 斯里蘭卡 、 不丹 及尼泊爾 市場 商機 。 劉業助 表示 講師 可以 多針 對 市場 做 分析 而 不是 分享 美食 與 商場 。 同時 表示 更 了解 當地 的 市場 ， 但 仍 希望 加強 時間 的 部分 ， 如 分享 內容 繁多 ， 可分 為 上下 場 ， 一個 市場 只有 3鐘 做 分享 略顯 不足 。 後續 希望 本處 能 繼續 提供 新興市場 客製化 行銷 專案 、 國內外 展覽 、 海外 拓銷 團及 各國 市場 商機 說 明會給 劉業助 參考 。
3.0890131402463425e-13,2017-08-10,106.0 1來 本處 參加 ： 新南向 ing 系列 商機 研討會 ─ 印度 、 越南 、 新加坡 、 斯里蘭卡 、 不丹 及尼泊爾 市場 商機 。 張副理 表示 對該 研討會 非常 滿意 。 同時 對 數據 的 瞭解 和 分析 有 一定 的 程度 。 後續 希望 本處 能 繼續 提供 新興市場 客製化 行銷專 、 台灣精品 選拔 、 資料館 電子 資料 、 國內外 展覽 、 海外 拓銷 團及 各國 商機 說 明會給 張副理 參考 。
2.8639477262744395e-37,2016-12-29,該 公司 曾連續 參加 201 201 高雄國際 食品展 ， 本處 不曾 有人 拜訪過 ， 故 前往 了解 展會 後 與 買主 聯繫 狀況 、 對 高雄 食品展 之 看法 ， 並 了解 外銷 現況 。 該 公司 成立 於 197 ， 旗下 另有 金 鋐 食品 有限公司 負責 進口業務 。 公司 成立 時 產品 以 蒲燒 鰻 為 主 ， 自 201 起 ， 因鰻 苗數量 銳減 而 開始 拓廣 產品 種類 ， 現為 各式 冷凍 水產 加工品 秋刀魚 、 鯖魚 、 魷魚 、 海菜 為 大宗 與 冷凍 肉品 ， 並已 取得 ISO2200 HACCP 、 HALAL 等 國際 認證 。 外銷 主要 市場 為 日本 、 北美 、 與 歐洲 ， 亦 有 少量 產品 外銷 至 俄國及 香港 ， 外銷 約 佔 ， 年 出口 實績 約 50 100 美元 。 該 公司 表示 ， 近 兩年 亦 於 漁業展 展出 ， 與 高雄國際 食品展 相較 ， 仍 是 高雄 食品展 成效 較 好 ， 國外 買主 也 較 多 ， 現持續 與 日本 、 馬來西亞 、 新加坡 、 香港 買 主持 續洽 談中 。 渠 表示 漁業展 第二年 買主過 少 ， 因此 已 決定 明年 將不參展 ， 並考慮 未來 採漁業展 、 食品展 擇一展 、 隔年 參展 之 方式 。 渠認 為 因 食品展 與 漁業展 時間 接近 ， 又 今年 漁業展 新增 蔬果 展 使得 兩 大展 性質 相近 而 無差 異性 ， 建議 未來 兩展 時間 錯開 ， 至少 相差 一季 。 有關 海外 展 部分 ， 職 於 現場 提供 201 食品 行銷組 海外 展團 計畫表 ， 渠回應 因該 公司 習慣 與 冷凍 水產公會 海外 參 展團 共同 參展 ， 像是 指標性 的 波士 頓國際 水產展 全 美展 、 比利 時布魯塞爾 歐洲 水產展 是 必定 參加 ； 至於 日本 的 東京 食品展 ， 因 日本 買主較 為 保守 ， 平均 觀察 至少 後才 會 下單 ， 且 仍 以購 買 鰻魚 為 主 ， 渠 表示 先以 穩固現 有 日本 客戶 之 作法 ， 對 於 于 日本 參展 尚 在 評估 。 職 另 提供 採洽易 之 1西 買主來 台 採購團 採洽 資訊 、 本處 明年 本處 工商 講座 課程表 、 國際行 銷諮詢 中心 簡介手 冊供 參 。
0.12500000000000003,2017-12-15,106.1 2 前來 本處 上課 : 巴西 日本 越南 市場 商機 謝 先生 表示 此次 課題 與 上課 內容 相符
0.12500000000000003,2017-12-15,106.1 2 前來 本處 上課 : 巴西 日本 越南 市場 商機 張 小姐 表示 此次 課題 與 上課 內容 相符 。 
1.50795931996812e-11,2017-08-14,106.0 1來 本處 參加 ： 新南向 ing 系列 商機 研討會 ─ 印度 、 越南 、 新加坡 、 斯里蘭卡 、 不丹 及尼泊爾 市場 商機 。 汪小姐 表示 對該 研討會 非常 滿意 。 同時 也 增加 對 市場 的 瞭解 。 後續 希望 本處 能 繼續 提供 各國 市場 商機 說 明會 、 台灣經貿網 企業網 網頁 會員 、 資料館 電子 資料 、 全球 布局 海外 投資 設點 及延攬 海外 人才 給 汪小姐 參考 。
6.448582401027255e-08,2017-08-14,106.0 1來 本處 參加 ： 新南向 ing 系列 商機 研討會 ─ 印度 、 越南 、 新加坡 、 斯里蘭卡 、 不丹 及尼泊爾 市場 商機 。 邱副理 表示 對該 研討會 非常 滿意 。 同時 也 增加 對 市場 的 瞭解 。 後續 希望 本處 能 繼續 提供 各國 市場 商機 說 明會 、 新興市場 客製化 行銷 專案 及國 內外 展覽 給邱副理 參考 。
0.0006946980092178088,2017-08-14,106.0 1來 本處 參加 ： 新南向 ing 系列 商機 研討會 ─ 印度 、 越南 、 新加坡 、 斯里蘭卡 、 不丹 及尼泊爾 市場 商機 。 林小姐 表示 對該 研討會 非常 滿意 。 同時 也 增加 對 市場 的 瞭解 。
7.758450701235942e-08,2017-08-14,106.0 1來 本處 參加 ： 新南向 ing 系列 商機 研討會 ─ 印度 、 越南 、 新加坡 、 斯里蘭卡 、 不丹 及尼泊爾 市場 商機 。 吳 先生 表示 對該 研討會 非常 滿意 。 同時 也 增加 對 市場 的 瞭解 。 後續 希望 本處 能 繼續 提供 各國 市場 商機 說 明會 及 全球 布局 海外 投資 設點 給吳 先生 參考 。
1.3971928535559103e-07,2017-08-14,106.0 1來 本處 參加 ： 新南向 ing 系列 商機 研討會 ─ 印度 、 越南 、 新加坡 、 斯里蘭卡 、 不丹 及尼泊爾 市場 商機 。 蘇 小姐 表示 對該 研討會 非常 滿意 。 同時 也 增加 對 市場 的 瞭解 。 後續 希望 本處 能 繼續 提供 新興市場 客製化 行銷 專案 及國 內外 展覽 給蘇 小姐 參考 。
1.5231912322910322e-11,2017-08-14,106.0 1來 本處 參加 ： 新南向 ing 系列 商機 研討會 ─ 印度 、 越南 、 新加坡 、 斯里蘭卡 、 不丹 及尼泊爾 市場 商機 。 許經理 表示 對該 研討會 非常 滿意 。 同時 也 增加 對 市場 的 瞭解 。 後續 希望 本處 能 繼續 提供 各國 市場 商機 說 明會 、 新興市場 客製化 行銷 專案 、 台灣經貿網 企業 網頁 會員 、 經貿 透視雙 周刊 、 全球 布局 海外 投資 設點 、 資料館 電子 資料 、 國內外 展覽 及 海外 拓銷 團給 許經理 參考 。
0.0007942713905390286,2017-08-14,106.0 1來 本處 參加 ： 新南向 ing 系列 商機 研討會 ─ 印度 、 越南 、 新加坡 、 斯里蘭卡 、 不丹 及尼泊爾 市場 商機 。 江 先生 表示 對該 研討會 非常 滿意 。 同時 也 增加 對 市場 的 瞭解 。
1.1227442573217178e-08,2017-08-14,106.0 1來 本處 參加 ： 新南向 ing 系列 商機 研討會 ─ 印度 、 越南 、 新加坡 、 斯里蘭卡 、 不丹 及尼泊爾 市場 商機 。 王先生 表示 對該 研討會 非常 滿意 。 同時 也 增加 對 市場 的 瞭解 。 後續 希望 本處 能 繼續 提供 全球 布局 海外 投資 設點 及國 內外 展覽 給 王先生 參考 。
7.684560694557466e-07,2017-08-14,106.0 1來 本處 參加 ： 新南向 ing 系列 商機 研討會 ─ 印度 、 越南 、 新加坡 、 斯里蘭卡 、 不丹 及尼泊爾 市場 商機 。 林先生 表示 對該 研討會 非常 滿意 。 同時 也 增加 對 市場 的 瞭解 。 後續 希望 本處 能 繼續 提供 新興市場 客製化 行銷 專案給 林先生 參考 。
5.1818965722540815e-09,2017-08-14,106.0 1來 本處 參加 ： 新南向 ing 系列 商機 研討會 ─ 印度 、 越南 、 新加坡 、 斯里蘭卡 、 不丹 及尼泊爾 市場 商機 。 謝經理 表示 對該 研討會 非常 滿意 。 同時 也 增加 對 市場 的 瞭解 。 後續 希望 本處 能 繼續 提供 各國 市場 商機 說 明會 、 國內外 展覽 及 海外 拓銷 團給 謝經理 參考 。
7.8368188901373e-08,2017-08-14,106.0 1來 本處 參加 ： 新南向 ing 系列 商機 研討會 ─ 印度 、 越南 、 新加坡 、 斯里蘭卡 、 不丹 及尼泊爾 市場 商機 。 江 先生 表示 對該 研討會 非常 滿意 。 同時 也 增加 對 市場 的 瞭解 。 後續 希望 本處 能 繼續 提供 各國 市場 商機 說 明會 、 新興市場 客製化 行銷 專案 、 國內外 展覽 及 海外 拓銷團 給江 先生 參考 。
1.5510438719672053e-08,2017-08-14,106.0 1來 本處 參加 ： 新南向 ing 系列 商機 研討會 ─ 印度 、 越南 、 新加坡 、 斯里蘭卡 、 不丹 及尼泊爾 市場 商機 。 林小姐 表示 對該 研討會 非常 滿意 。 同時 也 增加 對 市場 的 瞭解 。 後續 希望 本處 能 繼續 提供 各國 市場 商機 說 明會 、 資料館 電子資 料及 延攬 海外 人才 給 林小姐 參考 。
3.620610327243436e-07,2017-08-14,106.0 1來 本處 參加 ： 新南向 ing 系列 商機 研討會 ─ 印度 、 越南 、 新加坡 、 斯里蘭卡 、 不丹 及尼泊爾 市場 商機 。 鄭 先生 表示 對該 研討會 非常 滿意 。 同時 也 增加 對 市場 的 瞭解 。 後續 希望 本處 能 繼續 提供 各國 市場 商機 說 明會 及 資料館 電子 資料給 鄭 先生 參考 。
3.6206103272434296e-07,2017-08-14,106.0 1來 本處 參加 ： 新南向 ing 系列 商機 研討會 ─ 印度 、 越南 、 新加坡 、 斯里蘭卡 、 不丹 及尼泊爾 市場 商機 。 許 先生 表示 對該 研討會 非常 滿意 。 同時 也 增加 對 市場 的 瞭解 。 後續 希望 本處 能 繼續 提供 各國 市場 商機 說 明會 及 培訓 課程 給許 先生 參考 。
0.0007942713905390286,2017-08-14,106.0 1來 本處 參加 ： 新南向 ing 系列 商機 研討會 ─ 印度 、 越南 、 新加坡 、 斯里蘭卡 、 不丹 及尼泊爾 市場 商機 。 趙 先生 表示 對該 研討會 非常 滿意 。 同時 也 增加 對 市場 的 瞭解 。
0.0006946980092178088,2017-08-14,106.0 1來 本處 參加 ： 新南向 ing 系列 商機 研討會 ─ 印度 、 越南 、 新加坡 、 斯里蘭卡 、 不丹 及尼泊爾 市場 商機 。 林小姐 表示 對該 研討會 非常 滿意 。 同時 也 增加 對 市場 的 瞭解 。
3.582545778348498e-09,2017-08-14,106.0 1來 本處 參加 ： 新南向 ing 系列 商機 研討會 ─ 印度 、 越南 、 新加坡 、 斯里蘭卡 、 不丹 及尼泊爾 市場 商機 。 林特助 表示 對該 研討會 非常 滿意 。 同時 也 增加 對 市場 的 瞭解 。 後續 希望 本處 能 繼續 提供 各國 市場 商機 說 明會 、 新興市場 客製化 行銷 專案 、 國內外 展覽 、 資料館 電子資 料及 培訓 課程 給林 特助 參考 。
4.940074732215534e-07,2017-08-14,106.0 1來 本處 參加 ： 新南向 ing 系列 商機 研討會 ─ 印度 、 越南 、 新加坡 、 斯里蘭卡 、 不丹 及尼泊爾 市場 商機 。 黃 副 總 表示 對該 研討會 非常 滿意 。 同時 也 增加 對 市場 的 瞭解 。 後續 希望 本處 能 繼續 提供 全球 布局 海外 投資 設點 給黃 副 總 參考 。
8.707576544597061e-10,2017-08-14,106.0 1來 本處 參加 ： 新南向 ing 系列 商機 研討會 ─ 印度 、 越南 、 新加坡 、 斯里蘭卡 、 不丹 及尼泊爾 市場 商機 。 羅 先生 表示 對該 研討會 非常 滿意 。 同時 也 增加 對 市場 的 瞭解 。 後續 希望 本處 能 繼續 提供 各國 市場 商機 說 明會 、 新興市場 客製化 行銷 專案 、 台灣經貿網 企業 網頁 會員 、 國內外 展覽 以及 海外 拓銷 團給 羅 先生 參考 。
0.0006946980092178088,2017-08-14,106.0 1來 本處 參加 ： 新南向 ing 系列 商機 研討會 ─ 印度 、 越南 、 新加坡 、 斯里蘭卡 、 不丹 及尼泊爾 市場 商機 。 林小姐 表示 對該 研討會 非常 滿意 。 同時 也 增加 對 市場 的 瞭解 。
1.0771137999772306e-10,2017-08-14,106.0 1來 本處 參加 ： 新南向 ing 系列 商機 研討會 ─ 印度 、 越南 、 新加坡 、 斯里蘭卡 、 不丹 及尼泊爾 市場 商機 。 林小姐 表示 對該 研討會 非常 滿意 。 同時 也 增加 對 市場 的 瞭解 。 後續 希望 本處 能 繼續 提供 資料館 電子 資料 、 台灣精品 選拔 、 各國 市場 商機 說 明會 、 海外 拓銷團 以及 培訓 課程給 林小姐 參考 。
2.1280321923390024e-07,2017-08-14,106.0 1來 本處 參加 ： 新南向 ing 系列 商機 研討會 ─ 印度 、 越南 、 新加坡 、 斯里蘭卡 、 不丹 及尼泊爾 市場 商機 。 林經理 表示 對該 研討會 非常 滿意 。 同時 也 增加 對 市場 的 瞭解 。 後續 希望 本處 能 繼續 提供 各國 市場 商機 說 明會 給林 經理 參考 。
4.299054934018214e-09,2017-08-14,106.0 1來 本處 參加 ： 新南向 ing 系列 商機 研討會 ─ 印度 、 越南 、 新加坡 、 斯里蘭卡 、 不丹 及尼泊爾 市場 商機 。 林先生 表示 對該 研討會 非常 滿意 。 同時 也 增加 對 市場 的 瞭解 。 後續 希望 本處 能 繼續 提供 新興市場 客製化 行銷 專案 、 國內外 展覽 及 各國 市場 商機 說 明會給 林先生 參考 。
3.838441905373401e-10,2017-08-14,106.0 1來 本處 參加 ： 新南向 ing 系列 商機 研討會 ─ 印度 、 越南 、 新加坡 、 斯里蘭卡 、 不丹 及尼泊爾 市場 商機 。 陳 經理 表示 對該 研討會 非常 滿意 。 同時 也 增加 對 市場 的 瞭解 。 後續 希望 本處 能 繼續 提供 國內外 展覽 、 海外 拓銷 團及 各國 市場 商機 說 明會給 陳 經理 參考 。
9.979948953970797e-08,2017-08-14,106.0 1來 本處 參加 : 新南向 ing 系列 商機 研討會 - [ 印度 、 越南 、 新加坡 、 斯里蘭卡 、 不丹 及尼泊爾 市場 商機 ] 蔡 小姐 表示 對該 研討會 非常 滿意 。 同時 也 增加 對 市場 的 瞭解 。 後續 希望 本處 能 繼續 提供 新興市場 客製化 行銷 專案 、 國內外 展覽 及 海外 拓銷 團給 蔡 小姐 參考 。
0.0625,2017-09-01,1.10 08.2本處 上課 : 簡報力 再 進化 楊 小姐 表示 此次 課程 與 上課 內容 符合
3.34821428571428e-05,2017-09-01,1.10 08.2本處 上課 : 簡報力 再 進化 張 先生 表示 此次 課程 與 上課 內容 符合 未來 希望 參加 商務 課程 後續 希望 本處 能 繼續 提供 新興市場 客製化 行銷 專案 ， 台灣經貿網 企業 網頁 會員 課程
8.7193080357143e-08,2017-09-01,1.10 08.2本處 上課 : 簡報力 再 進化 蘇 先生 表示 此次 課程 與 上課 內容 符合 未來 希望 參加 業務 技巧 ， 品牌 建立 與 經營 管理 ， 行銷 實務 課程 後續 希望 本處 能 繼續 提供 新興市場 客製化 行銷案 ， 培訓 課程 課程
3.720238095238093e-06,2017-09-01,1.10 08.2本處 上課 : 簡報力 再 進化 林先生 表示 此次 課程 與 上課 內容 符合 未來 希望 參加 財務 金融 ， 業務 技巧 ， 國際 貿易 ， 品牌 建立 與 管理 經營 後續 希望 本處 能 繼續 提供 新興市場 客製化 行銷 專案 ， 台灣經貿網 企業 網頁 會員 ， 台灣精品 選拔 ， 經貿 透視雙 周刊 課程
6.69642857142856e-05,2017-09-01,1.10 08.2本處 上課 : 簡報力 再 進化 曾 小姐 表示 此次 課程 與 上課 內容 符合 未來 希望 參加 業務 技巧 課程 後續 希望 本處 能 繼續 提供 培訓 課程
0.0053571428571428555,2017-09-01,1.10 08.2本處 上課 : 簡報力 再 進化 蔡 小姐 表示 此次 課程 與 上課 內容 符合 未來 希望 參加 商務 英語 課程
0.010714285714285713,2017-09-01,1.10 08.2本處 上課 : 簡報力 再 進化 薛 小姐 表示 此次 課程 與 上課 內容 符合 未來 希望 參加 財務 金融
6.120205736836058e-08,2017-08-16,1.10 02.2來 本處 參加 : 聚焦 東協新 藍海 - 美妝品 與 食品 市場 商機 研討會 陳 經理 表示 對該 研討會 非常 滿意 。 同時 也 增加 對 市場 的 瞭解 。 後續 希望 本處 能 繼續 提供 新興市場 客製化 行銷 專案 、 國內外 展覽 及 培訓 課程給 陳 經理 參考 。
1.578250856678604e-09,2017-08-16,1.10 02.2來 本處 參加 : 聚焦 東協新 藍海 - 美妝品 與 食品 市場 商機 研討會 黃 小姐 表示 對該 研討會 非常 滿意 。 同時 也 增加 對 市場 的 瞭解 。 後續 希望 本處 能 繼續 提供 各國 市場 商機 說 明會 、 新興市場 客製化 行銷 專案 、 台灣經貿網 企業 網頁 會員 、 海外 拓銷團 、 全球 布局 海外 投資 設點 、 經貿 透視雙 周刊 、 資料館 電子 資料 、 國內外 展覽 及 培訓 課程給 黃 小姐 參考 。
3.9456271416965235e-10,2017-08-16,1.10 02.2來 本處 參加 : 聚焦 東協新 藍海 - 美妝品 與 食品 市場 商機 研討會 林小姐 表示 對該 研討會 非常 滿意 。 同時 也 增加 對 市場 的 瞭解 。 後續 希望 本處 能 繼續 提供 各國 市場 商機 說 明會 、 新興市場 客製化 行銷 專案 、 台灣經貿網 企業 網頁 會員 、 經貿 透視雙 周刊 、 全球 布局 海外 投資 設點 、 海外 拓銷團 、 資料館 電子 資料 、 國內外 展覽 及 培訓 課程給 林小姐 參考 。
1.1223117203047857e-09,2017-08-16,1.10 02.2來 本處 參加 : 聚焦 東協新 藍海 - 美妝品 與 食品 市場 商機 研討會 陳 特助 表示 對該 研討會 非常 滿意 。 同時 也 增加 對 市場 的 瞭解 。 後續 希望 本處 能 繼續 提供 各國 市場 商機 說 明會 、 新興市場 客製化 行銷 專案 、 台灣經貿網 企業 網頁 會員 、 台灣精品 選拔 、 經貿 透視雙 周刊 、 全球 布局 海外 投資 設點 、 延攬 海外 人才 、 資料館 電子 資料 、 國內外 展覽 、 海外 拓銷 團及 培訓 課程給 陳 特助 參考 。
9.321544122257958e-07,2017-08-16,1.10 02.2來 本處 參加 : 聚焦 東協新 藍海 - 美妝品 與 食品 市場 商機 研討會 許 小姐 表示 對該 研討會 非常 滿意 。 同時 也 增加 對 市場 的 瞭解 。 後續 希望 本處 能 繼續 提供 各國 市場 商機 說 明會 、 國內外 展覽 及 培訓 課程 給許 小姐 參考 。
5.918440712544752e-08,2017-08-16,1.10 02.2來 本處 參加 : 聚焦 東協新 藍海 - 美妝品 與 食品 市場 商機 研討會 吳 小姐 表示 對該 研討會 非常 滿意 。 同時 也 增加 對 市場 的 瞭解 。 後續 希望 本處 能 繼續 提供 各國 市場 商機 說 明會 、 經貿 透視雙 周刊 、 國內外 展覽 及 海外 拓銷團 給吳 小姐 參考 。
5.2608361889286795e-09,2017-08-16,1.10 02.2來 本處 參加 : 聚焦 東協新 藍海 - 美妝品 與 食品 市場 商機 研討會 黃 先生 表示 對該 研討會 非常 滿意 。 同時 也 增加 對 市場 的 瞭解 。 後續 希望 本處 能 繼續 提供 各國 市場 商機 說 明會 、 新興市場 客製化 行銷 專案 、 台灣經貿網 企業 網頁 會員 、 台灣精品 選拔 、 經貿 透視雙 周刊 、 全球 布局 海外 投資 設點 、 延攬 海外 人才 、 資料館 電子 資料 、 國內外 展覽 、 海外 拓銷 團及 培訓 課程給 黃 先生 參考 。
0.0012393416617092995,2017-08-16,1.10 02.2來 本處 參加 : 聚焦 東協新 藍海 - 美妝品 與 食品 市場 商機 研討會 卜 總經理 表示 對該 研討會 非常 滿意 。 同時 也 增加 對 市場 的 瞭解 。
3.6825853322500606e-07,2017-08-16,1.10 02.2來 本處 參加 : 聚焦 東協新 藍海 - 美妝品 與 食品 市場 商機 研討會 侯 小姐 表示 對該 研討會 非常 滿意 。 同時 也 增加 對 市場 的 瞭解 。 後續 希望 本處 能 繼續 提供 各國 市場 商機 說 明會 、 新興市場 客製化 行銷 專案 、 海外 拓銷 團及 培訓 課程 給侯 小姐 參考 。
2.301615832656294e-07,2017-08-16,1.10 02.2來 本處 參加 : 聚焦 東協新 藍海 - 美妝品 與 食品 市場 商機 研討會 陳 總監 表示 對該 研討會 非常 滿意 。 同時 也 增加 對 市場 的 瞭解 。 後續 希望 本處 能 繼續 提供 各國 市場 商機 說 明會 、 新興市場 客製化 行銷 專案 及 全球 布局 海外 投資 設點 給陳 總監 參考 。
1.2946589058691642e-08,2017-08-16,1.10 02.2來 本處 參加 : 聚焦 東協新 藍海 - 美妝品 與 食品 市場 商機 研討會 張 先生 表示 對該 研討會 非常 滿意 。 同時 也 增加 對 市場 的 瞭解 。 後續 希望 本處 能 繼續 提供 各國 市場 商機 說 明會 、 全球 布局 海外 投資 設點 、 國內外 展覽 、 海外 拓銷 團及 培訓 課程 給張 先生 參考 。
0.0038729426928415605,2017-08-16,1.10 02.2來 本處 參加 : 聚焦 東協新 藍海 - 美妝品 與 食品 市場 商機 研討會 金 先生 表示 對該 研討會 非常 滿意 。 同時 也 增加 對 市場 的 瞭解 。
0.0038729426928415605,2017-08-16,1.10 02.2來 本處 參加 : 聚焦 東協新 藍海 - 美妝品 與 食品 市場 商機 研討會 吳 先生 表示 對該 研討會 非常 滿意 。 同時 也 增加 對 市場 的 瞭解 。
1.6645614504032127e-06,2017-08-16,1.10 02.2來 本處 參加 : 聚焦 東協新 藍海 - 美妝品 與 食品 市場 商機 研討會 劉 先生 表示 對該 研討會 非常 滿意 。 同時 也 增加 對 市場 的 瞭解 。 後續 希望 本處 能 繼續 提供 各國 市場 商機 說 明會 、 新興市場 客製化 行銷 專案 、 台灣經貿網 企業 網頁 會員 、 台灣精品 選拔 、 經貿 透視雙 周刊 、 資料館 電子 資料 、 國內外 展覽 及 培訓 課程 給劉 先生 參考 。
3.55106442752685e-07,2017-08-16,1.10 02.2來 本處 參加 : 聚焦 東協新 藍海 - 美妝品 與 食品 市場 商機 研討會 王小姐 表示 對該 研討會 非常 滿意 。 同時 也 增加 對 市場 的 瞭解 。 後續 希望 本處 能 繼續 提供 各國 市場 商機 說 明會 、 新興市場 客製化 行銷 專案 、 台灣經貿網 企業 網頁 會員 、 台灣精品 選拔 、 經貿 透視雙 周刊 、 資料館 電子 資料 、 國內外 展覽 及 培訓 課程給 王小姐 參考 。
6.83915870489116e-10,2017-08-31,1.10 08.2本處 上課 : 簡報力 再 進化 何 小姐 表示 此次 課程 與 上課 內容 符合 未來 希望 參加 參展 實務 ， 品牌 建立 與 管理 經營 後續 希望 本處 能 繼續 提供 國內外 展覽 ， 培訓 課程 ， 各國 市場 商機 說 明會
4.928720181370462e-08,2017-08-31,1.10 08.3本處 上課 : 有效 管理 降低 存貨 實務 韓 小姐 表示 此次 課程 與 上課 內容 符合 未來 希望 參加 電子 商務 ， 行銷 實務 課程 後續 希望 本處 能 繼續 提供 國內外 展覽 ， 各國 市場 商機 說 明會 ， 培訓 課程
0.0006810122201714694,2017-08-31,1.10 08.3本處 上課 : 有效 管理 降低 存貨 實務 蔡 小姐 表示 此次 課程 與 上課 內容 符合 未來 希望 參加 商用 英文 課程
0.0006810122201714694,2017-08-31,1.10 08.3本處 上課 : 有效 管理 降低 存貨 實務 陳 小姐 表示 此次 課程 與 上課 內容 符合 未來 希望 參加 行銷 實務
0.00011792419396908559,2017-08-31,1.10 08.3本處 上課 : 有效 管理 降低 存貨 實務 陳 先生 表示 此次 課程 與 上課 內容 符合 後續 希望 本處 能 繼續 提供 國內外 展覽 課程
0.00011792419396908559,2017-08-31,1.10 08.3本處 上課 : 有效 管理 降低 存貨 實務 陳 先生 表示 此次 課程 與 上課 內容 符合 後續 希望 本處 能 繼續 提供 國內外 展覽 課程
1.8102398197008778e-07,2017-08-31,1.10 08.3本處 上課 : 有效 管理 降低 存貨 實務 劉 先生 表示 此次 課程 與 上課 內容 偏易 未來 希望 參加 業務 技巧 課程 後續 希望 本處 能 繼續 提供 培訓 課程
5.616775135464925e-12,2017-08-31,1.10 08.3本處 上課 : 有效 管理 降低 存貨 實務 劉 先生 表示 此次 課程 與 上課 內容 符合 未來 希望 參加 國際 貿易 ， 業務 技巧 ， 品牌 建立 與 管理 經營 ， 電子 商務 ， 財務 金融 ， 行銷 實務 ， 進 出口 報關 課程 後續 希望 本處 能 繼續 提供 各國 市場 商機 說 明會 ， 培訓 課程 ， 國內外 展覽 課 ， 培訓 課程
5.58588287221985e-08,2017-08-31,1.10 08.3本處 上課 : 有效 管理 降低 存貨 實務 邱 小姐 表示 此次 課程 與 上課 內容 符合 未來 希望 參加 電子 商務 課程 後續 希望 本處 能 繼續 提供 國內外 展覽 ， 培訓 課程 ， 台灣精品 選拔 ， 各國 市場 商機 說 明會 課程
6.638006978276688e-09,2017-08-31,1.10 08.3來 本處 上課 : 有效 管理 降低 存貨 實務 陳 小姐 表示 此次 課程 與 上課 內容 符合 未來 希望 參加 商務稅法 ， 行銷 實務 ， 進 出口 報關 後續 希望 本處 能 繼續 提供 資料館 電子 資料 ， 國內外 展覽 ， 培訓 課程
2.606745340369267e-08,2017-08-31,1.10 08.3本處 上課 : 有效 管理 降低 存貨 實務 陳 小姐 表示 此次 課程 與 上課 內容 符合 未來 希望 參加 國際 貿易 ， 商務 課程 後續 希望 本處 能 繼續 提供 台灣經貿網 ， 培訓 課程 ， 各國 市場 商機 說明 課程
8.917726546573726e-09,2017-08-31,1.10 08.3來 本處 上課 : 有效 管理 降低 存貨 實務 林小姐 表示 此次 課題 與 上課 內容 符合 ' 未來 希望 參加 商務 ， 進 出口 報關 ， 參展 實務 等 課程
3.311369154188394e-09,2017-04-20,李國鋒 先生 來電 詢問 201 德國 杜塞 道夫 醫療展 MEDICA 本會 的 參展 活動 資訊 。 渠 表示 因為 該 公司 產品 研發 至今 ， 在 今年 已較 為 成熟 ， 想 藉由 參加 德國 MEDICA 展 ， 尋找 買主 或是 當地 代理商 。 之前 較 著重 在 國內 拓銷 ， 國內 各大 醫療 機購 如 台大 、 榮總 所用 的 塑膠 醫療 耗材 如塑膠 針筒 、 塑膠點 滴袋 、 濾筒 等 ， 大多 為 該 公司 產品 。 職 回覆 今年 的 MEDICA 展報 名 已 截止 ， 因此 渠 另 再 請 教 是否 有 隨團 參觀 的 機會 及 明年 參展 資訊 ， 職即 提供 今年 MEDICA 徵展 承辦 窗口 電話 資料 ： 市場 拓展 處機械 化工 組吳 介森 先生 分機 156。 渠 表示 對 於 本會 服務有 興趣 再 了解 ， 同意 再 約 時間 另行 拜訪 。
1.1302806712962975e-07,2017-08-18,職與 三位 實習生 參訪 高雄 展覽 館 ， 並 於 201 台灣 專業 連鎖 加盟 大展 中訪 問晨間 廚房 餐飲 有限公司 。 本次 連鎖 加盟 展 展期 為 1 2 ， 總 共有 4 參展 廠商 ， 同時 也 吸引 了 香港 的 貿發局 設攤 招商 。 在 晨間 廚房 的 展攤 上 得知 他們 正在 拓展 大陸 市場 ， 詢問 是否 有興趣 拓展 東南亞 的 市場 ， 並 推廣 了 本會 的 服務業 推廣 中心 之 服務 。
1.2016296386718748e-05,2017-08-18,1.10 02.2來 本處 參加 : 聚焦 東協新 藍海 - 美妝品 與 食品 市場 商機 研討會 劉副 理事 長 表示 對該 研討會 非常 滿意 。 同時 也 增加 對 市場 的 瞭解 。 後續 希望 本處 能 繼續 提供 新興市場 客製化 行銷 專案給 劉副 理事 長 參考 。
0.0026367187499999997,2017-08-18,1.10 02.2來 本處 參加 : 聚焦 東協新 藍海 - 美妝品 與 食品 市場 商機 研討會 廖 小姐 表示 對該 研討會 非常 滿意 。 同時 也 增加 對 市場 的 瞭解 。
0.0026367187499999997,2017-08-18,1.10 02.2來 本處 參加 : 聚焦 東協新 藍海 - 美妝品 與 食品 市場 商機 研討會 許 先生 表示 對該 研討會 非常 滿意 。 同時 也 增加 對 市場 的 瞭解 。
1.232440655048076e-06,2017-08-18,1.10 02.2來 本處 參加 : 聚焦 東協新 藍海 - 美妝品 與 食品 市場 商機 研討會 王先生 表示 對該 研討會 非常 滿意 。 同時 也 增加 對 市場 的 瞭解 。 後續 希望 本處 能 繼續 提供 各國 市場 商機 說 明會 及國 內外 展覽 給 王先生 參考 。
5.77706557053786e-08,2017-08-18,1.10 02.2來 本處 參加 : 聚焦 東協新 藍海 - 美妝品 與 食品 市場 商機 研討會 林小姐 表示 對該 研討會 非常 滿意 。 同時 也 增加 對 市場 的 瞭解 。 後續 希望 本處 能 繼續 提供 各國 市場 商機 說 明會 、 新興市場 客製化 行銷 專案 、 台灣經貿網 企業 網頁 會員 、 台灣精品 選拔 、 經貿 透視雙 周刊 、 資料館 電子 資料 、 國內外 展覽 、 海外 拓銷團 、 培訓 課程給 林小姐 參考 。
2.136230468749999e-05,2017-08-18,1.10 02.2來 本處 參加 : 聚焦 東協新 藍海 - 美妝品 與 食品 市場 商機 研討會 張 先生 表示 對該 研討會 非常 滿意 。 同時 也 增加 對 市場 的 瞭解 。 後續 希望 本處 能 繼續 提供 胎 台灣經貿網 企業 網頁 會員 給張 先生 參考 。
4.621652456430281e-07,2017-08-18,1.10 02.2來 本處 參加 : 聚焦 東協新 藍海 - 美妝品 與 食品 市場 商機 研討會 羅 經理 表示 對該 研討會 非常 滿意 。 同時 也 增加 對 市場 的 瞭解 。 後續 希望 本處 能 繼續 提供 各國 市場 商機 說 明會 、 全球 布局 海外 投資 設點 、 台灣精品 選拔 、 資料館 電子 資料 、 國內外 展覽 及 海外 拓銷團 給羅經理 參考 。
9.243304912860562e-07,2017-08-18,1.10 02.2來 本處 參加 : 聚焦 東協新 藍海 - 美妝品 與 食品 市場 商機 研討會 陳 專員 表示 對該 研討會 非常 滿意 。 同時 也 增加 對 市場 的 瞭解 。 後續 希望 本處 能 繼續 提供 各國 市場 商機 說 明會 、 國內外 展覽 及 海外 拓銷 團給 陳 專員 參考 。
3.560384114583327e-06,2017-08-18,1.10 02.2來 本處 參加 : 聚焦 東協新 藍海 - 美妝品 與 食品 市場 商機 研討會 周 小姐 表示 對該 研討會 非常 滿意 。 同時 也 增加 對 市場 的 瞭解 。 後續 希望 本處 能 繼續 提供 國內外 展覽 及 培訓 課程 給周 小姐 參考 。
0.033854166666666664,2017-12-19,106.1 0 前來 本處 上課 : 善用 貿易 服務 ， 開拓 海外 市場 陳 小姐 表示 此次 課題 與 上課 內容 相符 。 表示 經由 台灣經貿網 得知 此 消息
0.015625000000000007,2017-12-19,106.1 0 前來 本處 上課 : 善用 貿易 服務 ， 開拓 海外 市場 黃 先生 表示 此次 課題 與 上課 內容 相符 。 表示 經由 台灣經貿網 得知 此 消息
0.015625000000000007,2017-12-19,106.1 0 前來 本處 上課 : 善用 貿易 服務 ， 開拓 海外 市場 凌 先生 表示 此次 課題 與 上課 內容 相符 。 表示 經由 台灣經貿網 得知 此 消息
0.015625000000000007,2017-12-19,106.1 0 前來 本處 上課 : 善用 貿易 服務 ， 開拓 海外 市場 楊 先生 表示 此次 課題 與 上課 內容 相符 。 表示 經由 台灣經貿網 得知 此 消息
0.015625000000000007,2017-12-19,106.1 0 前來 本處 上課 : 善用 貿易 服務 ， 開拓 海外 市場 陳 先生 表示 此次 課題 與 上課 內容 相符 。 表示 經由 台灣經貿網 得知 此 消息
0.0026041666666666665,2017-12-19,106.1 0 前來 本處 上課 : 善用 貿易 服務 ， 開拓 海外 市場 梁小姐 表示 此次 課題 與 上課 內容 相符 。 表示 經由 台灣經貿網 得知 此 消息
0.015625000000000007,2017-12-19,106.1 0 前來 本處 上課 : 善用 貿易 服務 ， 開拓 海外 市場 吳 先生 表示 此次 課題 與 上課 內容 相符 。 表示 經由 台灣經貿網 得知 此 消息
0.005208333333333334,2017-12-19,106.1 0 前來 本處 上課 : 善用 貿易 服務 ， 開拓 海外 市場 李先生 表示 此次 課題 與 上課 內容 相符 。 表示 經由 台灣經貿網 得知 此 消息
0.005208333333333334,2017-12-19,106.1 0 前來 本處 上課 : 善用 貿易 服務 ， 開拓 海外 市場 李先生 表示 此次 課題 與 上課 內容 相符 。 表示 經由 台灣經貿網 得知 此 消息
0.033854166666666664,2017-12-19,106.1 0 前來 本處 上課 : 善用 貿易 服務 ， 開拓 海外 市場 劉 小姐 表示 此次 課題 與 上課 內容 相符 。 表示 經由 台灣經貿網 得知 此 消息
0.033854166666666664,2017-12-19,106.1 0 前來 本處 上課 : 善用 貿易 服務 ， 開拓 海外 市場 賴 小姐 表示 此次 課題 與 上課 內容 相符 。 表示 經由 台灣經貿網 得知 此 消息
0.033854166666666664,2017-12-19,106.1 0 前來 本處 上課 : 善用 貿易 服務 ， 開拓 海外 市場 劉 小姐 表示 此次 課題 與 上課 內容 相符 。 表示 經由 台灣經貿網 得知 此 消息
0.033854166666666664,2017-12-19,106.1 0 前來 本處 上課 : 善用 貿易 服務 ， 開拓 海外 市場 鄧 小姐 表示 此次 課題 與 上課 內容 相符 。 表示 經由 台灣經貿網 得知 此 消息
0.033854166666666664,2017-12-19,106.1 0 前來 本處 上課 : 善用 貿易 服務 ， 開拓 海外 市場 吳 小姐 表示 此次 課題 與 上課 內容 相符 。 表示 經由 台灣經貿網 得知 此 消息
0.033854166666666664,2017-12-19,106.1 0 前來 本處 上課 : 善用 貿易 服務 ， 開拓 海外 市場 蔡 小姐 表示 此次 課題 與 上課 內容 相符 。 表示 經由 台灣經貿網 得知 此 消息
0.033854166666666664,2017-12-19,106.1 0 前來 本處 上課 : 善用 貿易 服務 ， 開拓 海外 市場 朱 小姐 表示 此次 課題 與 上課 內容 相符 。 表示 經由 台灣經貿網 得知 此 消息
0.033854166666666664,2017-12-19,106.1 0 前來 本處 上課 : 善用 貿易 服務 ， 開拓 海外 市場 蔡 小姐 表示 此次 課題 與 上課 內容 相符 。 表示 經由 台灣經貿網 得知 此 消息
0.033854166666666664,2017-12-19,106.1 0 前來 本處 上課 : 善用 貿易 服務 ， 開拓 海外 市場 刁 小姐 表示 此次 課題 與 上課 內容 相符 。 表示 經由 台灣經貿網 得知 此 消息
0.0026041666666666665,2017-12-19,106.1 0 前來 本處 上課 : 善用 貿易 服務 ， 開拓 海外 市場 董先生 表示 此次 課題 與 上課 內容 相符 。 表示 經由 台灣經貿網 得知 此 消息
0.033854166666666664,2017-12-19,106.1 0 前來 本處 上課 : 善用 貿易 服務 ， 開拓 海外 市場 謝 小姐 表示 此次 課題 與 上課 內容 相符 。 表示 經由 台灣經貿網 得知 此 消息
0.015625000000000007,2017-12-19,106.1 0 前來 本處 上課 : 善用 貿易 服務 ， 開拓 海外 市場 詹 先生 表示 此次 課題 與 上課 內容 相符 。 表示 經由 台灣經貿網 得知 此 消息
0.033854166666666664,2017-12-19,106.1 0 前來 本處 上課 : 善用 貿易 服務 ， 開拓 海外 市場 張 小姐 表示 此次 課題 與 上課 內容 相符 。 表示 經由 台灣經貿網 得知 此 消息
0.033854166666666664,2017-12-19,106.1 0 前來 本處 上課 : 善用 貿易 服務 ， 開拓 海外 市場 張 小姐 表示 此次 課題 與 上課 內容 相符 。 表示 經由 台灣經貿網 得知 此 消息
0.0026041666666666665,2017-12-19,106.1 0 前來 本處 上課 : 善用 貿易 服務 ， 開拓 海外 市場 王小姐 表示 此次 課題 與 上課 內容 相符 。 表示 經由 台灣經貿網 得知 此 消息
1.5997936669887046e-12,2017-08-08,106.0 1來 本處 上課 : 英文 貿易書信 與 電子 郵件 寫作 技巧 。 胡小姐 表示 對該 課程 感到 滿意 。 同時 表示 此次 課題 與 上課 內容 相符 。 未來 希望 參加 國際 貿易 、 電子 商務 、 行銷 實務 、 品牌 建立 與 管理 經營 以及 商務 談判 等 課程 。 後續 希望 本處 能 繼續 提供 台灣精品 選拔 以及 培訓 課程給 胡小姐 參考 。
2.411432892716324e-08,2017-08-08,106.0 1來 本處 上課 : 英文 貿易書信 與 電子 郵件 寫作 技巧 。 候 小姐 表示 對該 課程 感到 滿意 。 同時 表示 此次 課題 與 上課 內容 相符 。 未來 希望 參加 國際 貿易 以及 行銷 實務 等 課程 。
1.0502117714064237e-12,2017-08-08,106.0 1來 本處 上課 : 英文 貿易書信 與 電子 郵件 寫作 技巧 。 陳 業助 表示 對該 課程 感到 滿意 。 同時 表示 此次 課題 與 上課 內容 相符 。 未來 希望 參加 國際 貿易 、 業務 技巧 、 進 出口 報關 以及 商務 等 課程 。 後續 希望 本處 能 繼續 提供 國內外 展覽 以及 培訓 課程 給陳業助 參考 。
2.4757377698554105e-06,2017-08-08,106.0 1來 本處 上課 : 英文 貿易書信 與 電子 郵件 寫作 技巧 。 林小姐 表示 此次 課題 與 上課 內容 相符 。 同時 也 瞭解 商業 書信 的 架構 。 未來 希望 參加 國際 貿易法 等 課程 。
3.258838951273291e-15,2017-08-08,106.0 1來 本處 上課 : 英文 貿易書信 與 電子 郵件 寫作 技巧 。 李先生 表示 此次 課題 與 上課 內容 相符 。 同時 表示 對 他 的 業務 發展 有 幫助 ， 但是 仍須 加強 B to B 的 書信 處理 。 未來 希望 參加 國際 貿易法 、 業務 技巧 、 參展 實務 以及 商業 談判 等 課程 。 後續 希望 本處 能 繼續 提供 新興市場 客製化 行銷 專案 、 國內外 展覽 、 海外 拓銷團 以及 各國 商機 說 明會給 李先生 參考 。
1.502273898306043e-13,2017-08-08,106.0 1來 本處 上課 : 英文 貿易書信 與 電子 郵件 寫作 技巧 。 曾 小姐 表示 此次 課題 與 上課 內容 相符 。 同時 認為 老師 非常 專業 。 希望 可以 改善 課程 時間 太短 。 未來 希望 參加 國際 貿易 、 電子 商務 、 品牌 建立 與 管理 經營 以及 商務 談判 等 課程 。 後續 希望 本處 能 繼續 提供 台灣經貿網 企業 網頁 會員 給曾 小姐 參考 。
3.232236184324088e-11,2017-08-08,106.0 1來 本處 上課 : 六小時 搞懂 數位 行銷 、 O2O 行銷 激活 企業 獲利心 鑰 。 陳 小姐 表示 對該 課程 非常 滿意 。 同時 表示 此次 課題 與 上課 內容 相符 。 未來 希望 參加 品牌 建立 與 管理 經營 以及 商務 德文 等 課程 。 後續 希望 本處 能 繼續 提供 台灣精品 選拔給 陳 小姐 參考 。
2.473145391763842e-19,2017-08-08,106.0 1來 本處 上課 : 六小時 搞懂 數位 行銷 、 O2O 行銷 激活 企業 獲利心 鑰 。 陳 經理 表示 對該 課程 非常 滿意 。 同時 表示 此次 課題 與 上課 內容 相符 。 未來 希望 參加 國際 貿易 、 業務 技巧 、 電子 商務 、 行銷 實務 、 品牌 建立 與 管理 經營 、 參展 實務 以及 商務 談判 等 課程 。 後續 希望 本處 能 繼續 提供 新興市場 客製化 行銷 專案 、 台灣經貿網 企業 網頁 會員 、 資料館 電子 資料 、 各國 市場 商機 說 明會 以及 培訓 課程給 陳 經理 參考 。
2.7860352295857657e-13,2017-08-08,106.0 1來 本處 上課 : 六小時 搞懂 數位 行銷 、 O2O 行銷 激活 企業 獲利心 鑰 。 阮 小姐 表示 此次 課題 與 上課 內容 相符 。 同時 對 她 也 有 啟發 。 未來 希望 參加 電子 商務 以及 品牌 建立 與 管理 經營 等 課程 。 後續 希望 本處 能 繼續 提供 台灣經貿網 企業 網頁 會員 各國 商機 說 明會給 阮 小姐 參考 。
4.1065518199635976e-10,2017-10-05,106.0 0 前來 本處 上課 : 參展 行銷 。 康 小姐 表示 此次 課題 與 上課 內容 相符 。 未來 希望 參加 國際 貿易 、 業務 技巧 、 電子 商務 、 財務 金融 、 行銷 實務 、 品牌 建立 與 管理 經營 、 參展 實務 以及 商業 談判 等 課程 。 後續 希望 本處 能 繼續 提供 新興市場 客製化 行銷 專案 、 台灣精品 選拔 、 全球 佈局 海外 投資 設點 、 延攬 海外 人才 、 國內外 展覽 、 海外 拓銷團 、 各國 市場 商機 說明 以及 培訓 課程 給康 小姐 參考 。
5.133189774954474e-10,2017-10-05,106. 0來 本處 上課 : 參展 行銷 周先生 表示 此次 課題 與 上課 內容 相符 。 未來 希望 參加 國際 貿易 、 業務 技巧 、 電子 商務 、 財務 金融 、 行銷 實務 、 品牌 建立 與 管理 經營 、 參展 實務 以及 商業 談判 等 課程 。 後續 希望 本處 能 繼續 提供 新興市場 客製化 行銷 專案 、 台灣精品 選拔 、 全球 佈局 海外 投資 設點 、 延攬 海外 人才 、 國內外 展覽 、 海外 拓銷團 、 各國 市場 商機 說明 以及 培訓 課程給 周先生 參考 。
2.0532759099817974e-09,2017-10-05,106.0 0 前來 本處 上課 : 參展 行銷 陳 小姐 表示 此次 課題 與 上課 內容 相符 。 未來 希望 參加 國際 貿易 、 業務 技巧 、 電子 商務 、 財務 金融 、 行銷 實務 、 品牌 建立 與 管理 經營 、 參展 實務 以及 商業 談判 等 課程 。 後續 希望 本處 能 繼續 提供 新興市場 客製化 行銷 專案 、 台灣精品 選拔 、 全球 佈局 海外 投資 設點 、 延攬 海外 人才 、 國內外 展覽 、 海外 拓銷團 、 各國 市場 商機 說明 以及 培訓 課程許 小姐 參考 。
5.133189774954493e-10,2017-10-05,106.0 0 前來 本處 上課 : 參展 行銷 葛先生 表示 此次 課題 與 上課 內容 相符 。 未來 希望 參加 國際 貿易 、 業務 技巧 、 電子 商務 、 財務 金融 、 行銷 實務 、 品牌 建立 與 管理 經營 、 參展 實務 以及 商業 談判 等 課程 。 後續 希望 本處 能 繼續 提供 新興市場 客製化 行銷 專案 、 台灣精品 選拔 、 全球 佈局 海外 投資 設點 、 延攬 海外 人才 、 國內外 展覽 、 海外 拓銷團 、 各國 市場 商機 說明 以及 培訓 課程給 葛先生 參考 。
2.0532759099817974e-09,2017-10-05,106.0 0來 本處 上課 : 參展 行銷 。 邱 小姐 表示 此次 課題 與 上課 內容 相符 。 未來 希望 參加 國際 貿易 、 業務 技巧 、 電子 商務 、 財務 金融 、 行銷 實務 、 品牌 建立 與 管理 經營 、 參展 實務 以及 商業 談判 等 課程 。 後續 希望 本處 能 繼續 提供 新興市場 客製化 行銷 專案 、 台灣精品 選拔 、 全球 佈局 海外 投資 設點 、 延攬 海外 人才 、 國內外 展覽 、 海外 拓銷團 、 各國 市場 商機 說明 以及 培訓 課程給 邱 小姐 參考 。
4.1065518199635976e-10,2017-10-05,106.0 0來 本處 上課 : 參展 行銷 葛 小姐 表示 此次 課題 與 上課 內容 相符 。 未來 希望 參加 國際 貿易 、 業務 技巧 、 電子 商務 、 財務 金融 、 行銷 實務 、 品牌 建立 與 管理 經營 、 參展 實務 以及 商業 談判 等 課程 。 後續 希望 本處 能 繼續 提供 新興市場 客製化 行銷 專案 、 台灣精品 選拔 、 全球 佈局 海外 投資 設點 、 延攬 海外 人才 、 國內外 展覽 、 海外 拓銷團 、 各國 市場 商機 說明 以及 培訓 課程 給葛 小姐 參考 。
5.133189774954493e-10,2017-10-05,106.0 0來 本處 上課 : 參展 行銷 。 蔡先生 表示 此次 課題 與 上課 內容 相符 。 未來 希望 參加 國際 貿易 、 業務 技巧 、 電子 商務 、 財務 金融 、 行銷 實務 、 品牌 建立 與 管理 經營 、 參展 實務 以及 商業 談判 等 課程 。 後續 希望 本處 能 繼續 提供 新興市場 客製化 行銷 專案 、 台灣精品 選拔 、 全球 佈局 海外 投資 設點 、 延攬 海外 人才 、 國內外 展覽 、 海外 拓銷團 、 各國 市場 商機 說明 以及 培訓 課程給 蔡先生 參考 。
1.792340544703492e-05,2017-10-05,106.0 0 前來 本處 上課 : 參展 行銷 劉 先生 表示 此次 課題 與 上課 內容 相符 。 未來 希望 參加 國際 貿易 、 業務 技巧 、 電子 商務 、 財務 金融 、 行銷 實務 、 品牌 建立 與 管理 經營 、 參展 實務 以及 商業 談判 等 課程 。
0.0006100641520584898,2017-12-18,106.1 0 前來 本處 上課 : 善用 貿易 服務 ， 開拓 海外 市場 蔡姐 表示 此次 課題 與 上課 內容 相符 。 表示 經由 台灣經貿網 得知 此 消息
0.001084558492548427,2017-12-18,106.1 0 前來 本處 上課 : 善用 貿易 服務 ， 開拓 海外 市場 謝 小姐 表示 此次 課題 與 上課 內容 相符 。 表示 經由 台灣經貿網 得知 此 消息
0.01708179625763772,2017-12-18,106.1 2 前來 本處 上課 : 巴西 日本 越南 市場 商機 詹 先生 表示 此次 課題 與 上課 內容 相符 。 表示 經由 台灣經貿網 得知 此 消息
0.015183818895677981,2017-12-18,106.1 2 前來 本處 上課 : 巴西 日本 越南 市場 商機 黃 小姐 表示 此次 課題 與 上課 內容 相符 。 表示 經由 台灣經貿網 得知 此 消息
0.015183818895677981,2017-12-18,106.1 2 前來 本處 上課 : 巴西 日本 越南 市場 商機 張 小姐 表示 此次 課題 與 上課 內容 相符 。 表示 經由 台灣經貿網 得知 此 消息
0.00012050649917204737,2017-12-18,106.1 0 前來 本處 上課 : 善用 貿易 服務 ， 開拓 海外 市場 董 小姐 小姐 表示 此次 課題 與 上課 內容 相符 。 表示 經由 台灣經貿網 得知 此 消息
0.015183818895677981,2017-12-18,106.1 2 前來 本處 上課 : 巴西 日本 越南 市場 商機 石 小姐 表示 此次 課題 與 上課 內容 相符 。 表示 經由 台灣經貿網 得知 此 消息
0.03327391562685682,2017-12-18,106.1 2 前來 本處 上課 : 巴西 日本 越南 市場 商機 黃 小姐 表示 此次 課題 與 上課 內容 相符 。
0.015183818895677981,2017-12-18,106.1 2 前來 本處 上課 : 巴西 日本 越南 市場 商機 張 小姐 表示 此次 課題 與 上課 內容 相符 。 表示 經由 台灣經貿網 得知 此 消息
0.01708179625763772,2017-12-18,106.1 2 前來 本處 上課 : 巴西 日本 越南 市場 商機 楊 先生 表示 此次 課題 與 上課 內容 相符 。 表示 經由 台灣經貿網 得知 此 消息
0.01708179625763772,2017-12-18,106.1 2 前來 本處 上課 : 巴西 日本 越南 市場 商機 黃 先生 表示 此次 課題 與 上課 內容 相符 。 表示 經由 台灣經貿網 得知 此 消息
0.0028469660429396187,2017-12-18,106.1 2 前來 本處 上課 : 巴西 日本 越南 市場 商機 王小姐 表示 此次 課題 與 上課 內容 相符 。 表示 經由 台灣經貿網 得知 此 消息
0.015183818895677981,2017-12-18,106.1 2 前來 本處 上課 : 巴西 日本 越南 市場 商機 劉 小姐 表示 此次 課題 與 上課 內容 相符 。 表示 經由 台灣經貿網 得知 此 消息
0.0028469660429396187,2017-12-18,106.1 2 前來 本處 上課 : 巴西 日本 越南 市場 商機 林小姐 表示 此次 課題 與 上課 內容 相符 。 表示 經由 台灣經貿網 得知 此 消息
0.01708179625763772,2017-12-18,106.1 2 前來 本處 上課 : 巴西 日本 越南 市場 商機 楊 先生 表示 此次 課題 與 上課 內容 相符 。 表示 經由 台灣經貿網 得知 此 消息
0.01708179625763772,2017-12-18,106.1 2 前來 本處 上課 : 巴西 日本 越南 市場 商機 楊 先生 表示 此次 課題 與 上課 內容 相符 。 表示 經由 台灣經貿網 得知 此 消息
0.01708179625763772,2017-12-18,106.1 2 前來 本處 上課 : 巴西 日本 越南 市場 商機 吳 先生 表示 此次 課題 與 上課 內容 相符 。 表示 經由 台灣經貿網 得知 此 消息
9.078234802403848e-10,2017-08-07,106.0 1來 本處 上課 : 六小時 搞懂 數位 行銷 、 O2O 行銷 激活 企業 獲利心 鑰 。 黃 小姐 表示 對該 課程 感到 滿意 。 同時 表示 此次 課題 與 上課 內容 偏易 。 未來 希望 參加 品牌 建立 與 管理 經營 等 課程 。
3.216579585851607e-13,2017-08-07,106.0 1來 本處 上課 : 採購 工作 實務 一次 就 上 手 。 王先生 表示 此次 課題 與 上課 內容 相符 。 未來 希望 參加 國際 貿易 、 商務 談判 以及 商務 等 課程 。 後續 希望 本處 能 繼續 提供 全球 佈局 海外 投資 設點 、 延攬 海外 人才 、 海外 拓銷團 、 各國 市場 商機 說 明會 以及 培訓 課程給 王先生 參考 。
7.179384198845682e-05,2017-08-07,106.0 1來 本處 上課 : 採購 工作 實務 一次 就 上 手 。 呂 先生 表示 對該 課程 非常 滿意 。 同時 表示 此次 課題 與 上課 內容 相符 。
8.485200964339248e-14,2017-08-07,106.0 1來 本處 上課 : 採購 工作 實務 一次 就 上 手 。 李小姐 表示 對該 課程 非常 滿意 。 同時 表示 此次 課題 與 上課 內容 相符 。 後續 希望 本處 能 繼續 提供 新興市場 客製化 行銷 專案 、 台灣經貿網 企業 網頁 會員 、 經貿 透視雙 周刊 、 全球 佈局 海外 投資 設點 、 資料館 電子 資料 、 國內外 展覽 、 各國 市場 商機 說 明會 以及 培訓 課程 給施 經理 參考 。
1.518311005282616e-11,2017-08-07,106.0 1來 本處 上課 : 採購 工作 實務 一次 就 上 手 。 陳 小姐 表示 對該 課程 非常 滿意 。 同時 表示 此次 課題 與 上課 內容 相符 。 未來 希望 參加 業務 技巧 等 課程 。 後續 希望 本處 能 繼續 提供 全球 佈局 海外 投資 設點 以及 國內外 展覽 給陳 小姐 參考 。
2.522799985538572e-12,2017-08-07,106.0 1來 本處 上課 : 採購 工作 實務 一次 就 上 手 。 王小姐 表示 對該 課程 非常 滿意 。 同時 表示 此次 課題 與 上課 內容 相符 。 王小姐 表示 此 課程 幫助 他 了解 採購 的 細節 。 未來 希望 參加 國際 貿易 以及 商務 談判 等 課程 。
6.593680498191356e-15,2017-08-07,106.0 1來 本處 上課 : 採購 工作 實務 一次 就 上 手 。 蘇 工程 師 表示 此次 課題 與 上課 內容 相符 。 同時 也 認是 採購 實務 。 未來 希望 參加 行銷 實務 等 課程 。 後續 希望 本處 能 繼續 提供 培訓 課程 給蘇 工程 師參考 。
6.334168579075354e-11,2017-08-07,106.0 1來 本處 上課 : 產品 協商 英語 。 陳 先生 表示 對該 課程 非常 滿意 。 同時 表示 此次 課題 與 上課 內容 相符 。 未來 希望 參加 業務 技巧 以及 行銷 實務 等 課程 。 後續 希望 本處 能 繼續 提供 培訓 課程給 陳 先生 參考 。
5.984053572646915e-14,2017-08-07,106.0 1來 本處 上課 : 產品 協商 英語 。 薛 小姐 表示 對該 課程 非常 滿意 。 同時 表示 此次 課題 與 上課 內容 相符 。 未來 希望 參加 國際 貿易 、 行銷 實務 以及 進 出口 報關 等 課程 。 後續 希望 本處 能 繼續 提供 新興市場 客製化 行銷 專案 、 國內外 展覽 以及 各國 市場 商機 說會給 薛 小姐 參考 。
2.8531938297985285e-12,2017-08-07,106.0 1來 本處 上課 : 產品 協商 英語 。 張 先生 表示 對該 課程 非常 滿意 。 同時 表示 此次 課題 與 上課 內容 相符 。 未來 希望 參加 業務 技巧 、 行銷 實務 、 參展 實務 、 商務 談判 以及 商務 等 課程 。 後續 希望 本處 能 繼續 提供 全球 佈局 海外 投資 設點 給張 先生 參考 。
4.3225798746611233e-14,2017-08-07,賴軒 如 106.0 1來 本處 上課 : 產品 協商 英語 。 吳 小姐 表示 對該 課程 非常 滿意 。 同時 表示 此次 課題 與 上課 內容 相符 。 未來 希望 參加 國際 貿易 、 業務 技巧 、 商務稅法 、 進 出口 報關 、 商務 談判 以及 商務 英語 和 日語 等 課程 。 後續 希望 本處 能 繼續 提供 國內外 展覽 以及 海外 拓銷團 給吳 小姐 參考 。
1.0860482706975304e-06,2017-08-07,106.0 1來 本處 上課 : 產品 協商 英語 。 徐業務 表示 此次 課題 與 上課 內容 相符 。 未來 希望 參加 業務 技巧 、 參展 實務 、 商務 談判 以及 商務 等 課程 。
2.2992282639975324e-10,2017-08-07,106.0 1來 本處 上課 : 產品 協商 英語 。 杜 小姐 表示 對該 課程 感到 滿意 。 同時 表示 此次 課題 與 上課 內容 相符 。 未來 希望 參加 國際 貿易 以及 商務 英語 等 課程 。 後續 希望 本處 能 繼續 提供 培訓 課程給 杜 小姐 參考 。
4.5341542140089096e-07,2017-08-07,106.0 1來 本處 上課 : 產品 協商 英語 。 陳 專員 表示 對該 課程 感到 滿意 。 同時 表示 此次 課題 與 上課 內容 相符 。 未來 希望 參加 業務 技巧 、 商務 談判 以及 商務 等 課程 。
1.5800336540352415e-27,2017-08-07,106.0 1來 本處 上課 : 產品 協商 英語 。 曾 小姐 表示 對該 課程 非常 滿意 ， 認為 非常 實用 。 同時 也 認為 講師 非常 專業 以及 適實 的 分享 經驗 ， 以便 更加 容易 瞭解 上課 內容 。 希望 可以 加強 課程 時數 。 同時 表示 此次 課題 與 上課 內容 相符 。 未來 希望 參加 國際 貿易 、 業務 技巧 、 電子 商務 、 財務 金融 、 行銷 實務 、 商務 報稅 、 頻牌 建立 與 管理 經營 、 進 出口 報關 、 商務 談判 以及 商務 等 課程 。 後續 希望 本處 能 繼續 提供 經貿 透視雙 周刊 、 資料館 電子 資料 、 海外 拓銷團 以及 培訓 課程給 曾 小姐 參考 。
2.5693540546050482e-06,2017-08-07,106.0 1來 本處 上課 : 產品 協商 英語 。 趙 專員 表示 對該 課程 感到 滿意 。 同時 表示 此次 課題 與 上課 內容 相符 。 未來 希望 參加 業務 技巧 以及 商務 等 課程 。
0.02272727272727272,2017-12-12,106.1 2 前來 本處 上課 : 法國 波蘭 市場 商機 林小姐 表示 此次 課題 與 上課 內容 相符 。
0.0909090909090909,2017-12-12,106.1 2 前來 本處 上課 : 法國 波蘭 市場 商機 張 先生 表示 此次 課題 與 上課 內容 相符 。
0.0909090909090909,2017-12-12,106.1 2 前來 本處 上課 : 法國 波蘭 市場 商機 葉 小姐 表示 此次 課題 與 上課 內容 相符 。 
0.0909090909090909,2017-12-12,106.1 2 前來 本處 上課 : 法國 波蘭 市場 商機 許 先生 表示 此次 課題 與 上課 內容 相符 。
0.0909090909090909,2017-12-12,106.1 2 前來 本處 上課 : 法國 波蘭 市場 商機 賴 小姐 表示 此次 課題 與 上課 內容 相符 。
0.0909090909090909,2017-12-12,106.1 2 前來 本處 上課 : 法國 波蘭 市場 商機 蘇 小姐 表示 此次 課題 與 上課 內容 相符 。
0.02272727272727272,2017-12-12,106.1 2 前來 本處 上課 : 法國 波蘭 市場 商機 蔡先生 表示 此次 課題 與 上課 內容 相符 。 
0.0909090909090909,2017-12-12,106.1 2 前來 本處 上課 : 法國 波蘭 市場 商機 凌 先生 表示 此次 課題 與 上課 內容 相符 。 
0.02272727272727272,2017-12-12,106.1 2 前來 本處 上課 : 法國 波蘭 市場 商機 陳 表示 此次 課題 與 上課 內容 相符 。
0.0909090909090909,2017-12-12,106.1 2 前來 本處 上課 : 法國 波蘭 市場 商機 鄭 小姐 表示 此次 課題 與 上課 內容 相符 。
0.0909090909090909,2017-12-12,106.1 2 前來 本處 上課 : 法國 波蘭 市場 商機 劉 先生 表示 此次 課題 與 上課 內容 相符 。
